transaction_id,customer_id,customer_name,customer_email,customer_tier,amount,currency,payment_status,failure_reason,payment_method,previous_success_count,previous_failure_count,checkout_status,subscription_status,days_overdue,retry_count,customer_value,transaction_timestamp,risk_score,recovery_probability,recovery_eligible,optimal_action,actual_recoverable
TX1001,CUST0406,Shweta Bansal,shweta.bansal43@example.com,Standard,2499.52,INR,FAILED,authentication_failed,Net Banking,2,0,COMPLETED,NONE,1,0,22237.11,2026-07-29 03:07:32,16,0.725,YES,SEND_PAYMENT_REMINDER,1
TX1002,CUST0185,Rohan Mehta,rohan.mehta18@example.com,Enterprise,2499.67,INR,ABANDONED,checkout_dropoff,UPI,39,1,PAYMENT_PAGE_DROPOFF,NONE,0,0,382567.66,2026-08-11 06:49:30,12,0.7812,YES,SEND_CHECKOUT_REMINDER,1
TX1003,CUST0129,Amit Gupta,amit.gupta80@example.com,Enterprise,14999.56,INR,FAILED,network_timeout,Credit Card,19,2,COMPLETED,NONE,4,1,108413.7,2026-08-11 01:43:03,26,0.99,YES,RETRY_PAYMENT,1
TX1004,CUST0124,Siddharth Bansal,siddharth.bansal40@example.com,VIP,24999.98,INR,SUCCESS,none,UPI,33,1,COMPLETED,NONE,0,0,97890.46,2026-08-16 16:27:22,20,0.99,NO,NO_ACTION,0
TX1005,CUST0117,Suresh Bansal,suresh.bansal30@example.com,VIP,4999.76,INR,SUCCESS,none,UPI,13,0,COMPLETED,ACTIVE_RENEWAL_DUE,0,0,80568.26,2026-08-01 01:45:56,16,0.99,NO,NO_ACTION,0
TX1006,CUST0296,Priya Agarwal,priya.agarwal24@example.com,Standard,2499.37,INR,ABANDONED,checkout_dropoff,UPI,8,0,OTP_DROPOFF,NONE,0,0,36723.84,2026-08-23 04:30:07,24,0.705,YES,SEND_CHECKOUT_REMINDER,1
TX1007,CUST0279,Vikram Verma,vikram.verma40@example.com,New,2499.52,INR,ABANDONED,checkout_dropoff,UPI,1,1,ABANDONED_CART,NONE,0,0,1022.54,2026-08-25 11:01:44,28,0.63,YES,SEND_CHECKOUT_REMINDER,0
TX1008,CUST0253,Pooja Choudhury,pooja.choudhury93@example.com,New,2499.53,INR,FAILED,issuer_down,Credit Card,0,2,COMPLETED,ACTIVE_RENEWAL_DUE,8,0,1148.7,2026-08-17 05:55:36,22,0.615,YES,RETRY_SUBSCRIPTION,0
TX1009,CUST0158,Shweta Nair,shweta.nair62@example.com,Standard,3499.76,INR,FAILED,insufficient_funds,UPI,7,4,COMPLETED,ACTIVE_RENEWAL_DUE,4,0,40365.39,2026-08-15 11:31:17,33,0.5205,YES,RETRY_SUBSCRIPTION,1
TX1010,CUST0445,Aarav Iyer,aarav.iyer25@example.com,Standard,4999.04,INR,FAILED,account_closed,Debit Card,13,1,COMPLETED,NONE,3,1,7484.97,2026-07-28 03:13:34,65,0.0843,NO,STOP_RECOVERY,0
TX1011,CUST0395,Alok Saxena,alok.saxena91@example.com,Standard,4999.81,INR,FAILED,processor_error,UPI,5,4,COMPLETED,NONE,2,3,21663.47,2026-08-13 14:40:47,59,0.3183,NO,CREATE_ESCALATION,0
TX1012,CUST0403,Ritu Kapoor,ritu.kapoor69@example.com,Enterprise,39999.67,INR,FAILED,velocity_limit_exceeded,Net Banking,25,3,COMPLETED,NONE,0,3,498387.76,2026-08-23 00:30:54,99,0.01,NO,CREATE_ESCALATION,0
TX1013,CUST0314,Tanvi Verma,tanvi.verma42@example.com,VIP,4999.75,INR,FAILED,processor_error,UPI,29,0,COMPLETED,NONE,3,0,203469.91,2026-08-04 16:05:56,10,0.99,YES,RETRY_PAYMENT,1
TX1014,CUST0314,Tanvi Verma,tanvi.verma42@example.com,VIP,4999.25,INR,FAILED,card_expired,Credit Card,29,0,COMPLETED,NONE,1,2,203469.91,2026-07-30 16:43:33,75,0.01,NO,CREATE_ESCALATION,0
TX1015,CUST0127,Sneha Iyer,sneha.iyer79@example.com,Standard,3499.04,INR,FAILED,fraud_blocked,UPI,11,3,COMPLETED,NONE,3,0,43574.52,2026-08-15 21:13:22,56,0.0929,NO,STOP_RECOVERY,0
TX1016,CUST0209,Karan Patel,karan.patel40@example.com,Enterprise,2499.74,INR,FAILED,card_expired,Net Banking,41,3,COMPLETED,ACTIVE_RENEWAL_DUE,12,1,322070.48,2026-08-24 12:52:30,65,0.0248,NO,SEND_PAYMENT_REMINDER,0
TX1017,CUST0265,Karan Joshi,karan.joshi55@example.com,New,3499.64,INR,FAILED,network_timeout,Debit Card,0,0,COMPLETED,NONE,5,0,2216.14,2026-08-07 02:15:20,17,0.825,YES,RETRY_PAYMENT,1
TX1018,CUST0264,Varun Chopra,varun.chopra48@example.com,Standard,2499.05,INR,FAILED,processor_error,Net Banking,8,2,COMPLETED,CHURN_RISK,3,0,23273.43,2026-08-06 19:05:12,10,0.845,YES,RETRY_SUBSCRIPTION,1
TX1019,CUST0218,Rajesh Bansal,rajesh.bansal71@example.com,VIP,14999.55,INR,SUCCESS,none,UPI,10,2,COMPLETED,ACTIVE_RENEWAL_DUE,0,0,106867.87,2026-08-20 16:12:01,13,0.99,NO,NO_ACTION,0
TX1020,CUST0351,Suresh Bhatia,suresh.bhatia50@example.com,Enterprise,14999.46,INR,ABANDONED,checkout_dropoff,Wallet,20,2,PAYMENT_PAGE_DROPOFF,NONE,0,0,189815.5,2026-08-14 22:11:57,31,0.7214,YES,SEND_CHECKOUT_REMINDER,1
TX1021,CUST0351,Suresh Bhatia,suresh.bhatia50@example.com,Enterprise,39999.95,INR,FAILED,network_timeout,UPI,20,2,COMPLETED,NONE,1,2,189815.5,2026-08-22 08:31:18,55,0.7314,NO,CREATE_ESCALATION,0
TX1022,CUST0219,Amit Kapoor,amit.kapoor71@example.com,Enterprise,4999.5,INR,FAILED,authentication_failed,UPI,18,2,COMPLETED,NONE,7,1,476425.44,2026-07-31 04:55:14,29,0.7,YES,SEND_PAYMENT_REMINDER,1
TX1023,CUST0372,Amit Roy,amit.roy15@example.com,Standard,1499.02,INR,FAILED,card_expired,Debit Card,4,3,COMPLETED,CHURN_RISK,7,1,19061.88,2026-08-11 17:54:38,62,0.01,NO,SEND_PAYMENT_REMINDER,0
TX1024,CUST0177,Simran Patel,simran.patel99@example.com,Standard,1499.81,INR,FAILED,velocity_limit_exceeded,UPI,12,4,COMPLETED,NONE,6,0,12777.41,2026-08-14 06:25:17,46,0.2675,NO,STOP_RECOVERY,0
TX1025,CUST0216,Gaurav Reddy,gaurav.reddy78@example.com,Standard,499.65,INR,FAILED,processor_error,UPI,7,1,COMPLETED,ACTIVE_RENEWAL_DUE,2,0,17090.7,2026-08-20 12:23:02,10,0.9063,YES,RETRY_SUBSCRIPTION,1
TX1026,CUST0105,Alok Singh,alok.singh53@example.com,Standard,7999.43,INR,FAILED,insufficient_funds,Debit Card,7,2,COMPLETED,CHURN_RISK,14,2,11219.18,2026-07-29 03:42:47,76,0.01,NO,CREATE_ESCALATION,0
TX1027,CUST0391,Neha Choudhury,neha.choudhury80@example.com,New,499.68,INR,FAILED,card_expired,Credit Card,0,1,COMPLETED,NONE,0,0,1383.36,2026-07-28 01:42:13,62,0.045,NO,SEND_PAYMENT_REMINDER,0
TX1028,CUST0304,Shweta Bansal,shweta.bansal57@example.com,Enterprise,24999.24,INR,FAILED,issuer_down,Net Banking,21,2,COMPLETED,PAST_DUE,11,1,438149.37,2026-08-04 15:39:30,47,0.772,YES,RETRY_SUBSCRIPTION,1
TX1029,CUST0141,Aditi Saxena,aditi.saxena84@example.com,Standard,499.1,INR,FAILED,velocity_limit_exceeded,Credit Card,2,2,COMPLETED,NONE,1,0,7286.61,2026-08-24 21:41:31,47,0.3,NO,STOP_RECOVERY,0
TX1030,CUST0425,Ananya Chopra,ananya.chopra72@example.com,New,2499.23,INR,FAILED,insufficient_funds,UPI,2,0,COMPLETED,NONE,6,0,3606.08,2026-08-25 10:50:27,34,0.455,YES,SEND_PAYMENT_REMINDER,0
TX1031,CUST0252,Vikram Choudhury,vikram.choudhury66@example.com,New,499.27,INR,FAILED,network_timeout,Debit Card,1,0,COMPLETED,NONE,2,1,4433.86,2026-08-17 01:37:02,10,0.975,YES,RETRY_PAYMENT,1
TX1032,CUST0328,Aditi Bhatia,aditi.bhatia21@example.com,New,999.09,INR,FAILED,authentication_failed,UPI,0,2,COMPLETED,NONE,6,0,4389.13,2026-08-03 18:24:39,26,0.505,YES,SEND_PAYMENT_REMINDER,0
TX1033,CUST0267,Arjun Iyer,arjun.iyer46@example.com,VIP,14999.38,INR,FAILED,processor_error,Net Banking,13,2,COMPLETED,NONE,3,1,199034.43,2026-07-27 01:03:52,23,0.935,YES,RETRY_PAYMENT,1
TX1034,CUST0238,Rahul Kapoor,rahul.kapoor10@example.com,VIP,14999.27,INR,FAILED,velocity_limit_exceeded,Credit Card,35,2,COMPLETED,NONE,1,0,214985.44,2026-07-28 13:43:53,52,0.4469,YES,STOP_RECOVERY,1
TX1035,CUST0155,Deepak Deshmukh,deepak.deshmukh98@example.com,Standard,2499.33,INR,ABANDONED,checkout_dropoff,UPI,3,0,PAYMENT_PAGE_DROPOFF,NONE,0,0,42802.04,2026-07-26 21:03:06,20,0.705,YES,SEND_CHECKOUT_REMINDER,1
TX1036,CUST0434,Kavita Reddy,kavita.reddy17@example.com,New,1499.6,INR,ABANDONED,checkout_dropoff,Wallet,1,1,PAYMENT_PAGE_DROPOFF,NONE,0,0,1784.37,2026-07-30 18:11:19,25,0.58,YES,SEND_CHECKOUT_REMINDER,0
TX1037,CUST0264,Varun Chopra,varun.chopra48@example.com,Standard,2499.96,INR,FAILED,processor_error,UPI,8,2,COMPLETED,PAST_DUE,7,0,23273.43,2026-08-16 12:32:55,16,0.755,YES,RETRY_SUBSCRIPTION,0
TX1038,CUST0203,Pooja Deshmukh,pooja.deshmukh65@example.com,New,4999.76,INR,FAILED,webhook_drop,Credit Card,2,1,COMPLETED,NONE,7,2,3682.89,2026-08-12 01:01:55,52,0.445,NO,CREATE_ESCALATION,0
TX1039,CUST0310,Alok Saxena,alok.saxena89@example.com,Standard,1499.24,INR,ABANDONED,checkout_dropoff,Credit Card,2,1,OTP_DROPOFF,NONE,0,0,11296.4,2026-07-30 20:23:17,24,0.605,YES,SEND_CHECKOUT_REMINDER,1
TX1040,CUST0330,Amit Saxena,amit.saxena29@example.com,Standard,2499.53,INR,SUCCESS,none,Wallet,7,4,COMPLETED,ACTIVE_RENEWAL_DUE,0,0,24025.16,2026-08-10 01:13:41,6,0.99,NO,NO_ACTION,0
TX1041,CUST0285,Rohan Reddy,rohan.reddy52@example.com,Standard,3499.63,INR,FAILED,insufficient_funds,Debit Card,11,0,COMPLETED,NONE,3,1,7023.14,2026-08-20 01:01:58,38,0.525,YES,SEND_PAYMENT_REMINDER,0
TX1042,CUST0431,Ananya Nair,ananya.nair16@example.com,VIP,49999.33,INR,FAILED,card_expired,Credit Card,43,0,COMPLETED,ACTIVE_RENEWAL_DUE,1,0,177588.91,2026-08-07 15:54:14,73,0.275,NO,SEND_PAYMENT_REMINDER,0
TX1043,CUST0398,Deepak Verma,deepak.verma53@example.com,Enterprise,8999.39,INR,FAILED,issuer_down,Credit Card,41,3,COMPLETED,CHURN_RISK,12,0,285776.86,2026-08-02 07:19:19,30,0.7548,YES,RETRY_SUBSCRIPTION,1
TX1044,CUST0252,Vikram Choudhury,vikram.choudhury66@example.com,New,499.82,INR,ABANDONED,checkout_dropoff,UPI,1,0,PAYMENT_PAGE_DROPOFF,NONE,0,0,4433.86,2026-08-24 12:37:23,16,0.705,YES,SEND_CHECKOUT_REMINDER,1
TX1045,CUST0206,Gaurav Patel,gaurav.patel82@example.com,Standard,499.43,INR,ABANDONED,checkout_dropoff,Credit Card,9,1,PAYMENT_PAGE_DROPOFF,NONE,0,0,35019.05,2026-08-06 02:57:19,17,0.64,YES,SEND_CHECKOUT_REMINDER,1
TX1046,CUST0159,Tanvi Mehta,tanvi.mehta32@example.com,New,499.67,INR,FAILED,webhook_drop,UPI,0,0,COMPLETED,NONE,3,0,4892.93,2026-08-05 23:11:43,10,0.895,YES,RETRY_PAYMENT,0
TX1047,CUST0219,Amit Kapoor,amit.kapoor71@example.com,Enterprise,4999.63,INR,FAILED,velocity_limit_exceeded,Debit Card,18,2,COMPLETED,NONE,0,1,476425.44,2026-08-14 13:36:23,45,0.44,YES,STOP_RECOVERY,1
TX1048,CUST0210,Deepak Bansal,deepak.bansal21@example.com,Standard,7999.79,INR,FAILED,network_timeout,UPI,9,3,COMPLETED,NONE,2,0,36717.31,2026-08-18 05:51:12,10,0.9875,YES,RETRY_PAYMENT,1
TX1049,CUST0371,Meera Chopra,meera.chopra49@example.com,Standard,2499.61,INR,FAILED,issuer_down,Wallet,3,2,COMPLETED,NONE,5,0,31436.77,2026-08-05 01:49:48,14,0.865,YES,RETRY_PAYMENT,1
TX1050,CUST0253,Pooja Choudhury,pooja.choudhury93@example.com,New,4999.13,INR,FAILED,issuer_down,Net Banking,0,2,COMPLETED,NONE,4,0,1148.7,2026-08-13 09:06:01,19,0.775,YES,RETRY_PAYMENT,1
TX1051,CUST0171,Siddharth Joshi,siddharth.joshi95@example.com,Standard,2499.63,INR,ABANDONED,checkout_dropoff,Credit Card,10,1,OTP_DROPOFF,NONE,0,0,12673.6,2026-08-08 08:46:01,28,0.6414,YES,SEND_CHECKOUT_REMINDER,1
TX1052,CUST0186,Divya Deshmukh,divya.deshmukh63@example.com,Standard,1499.83,INR,ABANDONED,checkout_dropoff,Credit Card,9,3,PAYMENT_PAGE_DROPOFF,NONE,0,0,7490.63,2026-07-30 21:11:33,29,0.6175,YES,SEND_CHECKOUT_REMINDER,1
TX1053,CUST0200,Rohan Saxena,rohan.saxena48@example.com,Standard,3499.65,INR,FAILED,velocity_limit_exceeded,Debit Card,12,1,COMPLETED,NONE,7,0,9076.05,2026-08-24 14:08:10,47,0.2235,NO,STOP_RECOVERY,0
TX1054,CUST0213,Amit Iyer,amit.iyer50@example.com,Standard,3499.29,INR,FAILED,processor_error,UPI,5,0,COMPLETED,CHURN_RISK,12,1,33851.37,2026-08-03 22:04:23,28,0.685,YES,RETRY_SUBSCRIPTION,1
TX1055,CUST0159,Tanvi Mehta,tanvi.mehta32@example.com,New,1499.54,INR,FAILED,processor_error,UPI,0,0,COMPLETED,CHURN_RISK,8,0,4892.93,2026-08-11 23:12:56,20,0.615,YES,RETRY_SUBSCRIPTION,0
TX1056,CUST0227,Deepak Agarwal,deepak.agarwal90@example.com,VIP,14999.26,INR,FAILED,insufficient_funds,UPI,24,1,COMPLETED,ACTIVE_RENEWAL_DUE,8,1,207565.61,2026-08-25 15:41:03,56,0.489,YES,RETRY_SUBSCRIPTION,1
TX1057,CUST0402,Arjun Roy,arjun.roy83@example.com,Standard,3499.63,INR,FAILED,card_expired,Credit Card,15,1,COMPLETED,NONE,2,1,37539.11,2026-08-21 12:08:03,58,0.1856,NO,SEND_PAYMENT_REMINDER,0
TX1058,CUST0406,Shweta Bansal,shweta.bansal43@example.com,Standard,4999.29,INR,FAILED,velocity_limit_exceeded,Credit Card,2,0,COMPLETED,NONE,1,0,22237.11,2026-08-05 09:12:35,47,0.375,YES,STOP_RECOVERY,0
TX1059,CUST0436,Preeti Singh,preeti.singh14@example.com,Standard,999.14,INR,FAILED,processor_error,UPI,15,1,COMPLETED,NONE,3,1,42356.9,2026-08-21 15:45:21,10,0.9156,YES,RETRY_PAYMENT,1
TX1060,CUST0422,Suresh Reddy,suresh.reddy50@example.com,Standard,4999.79,INR,FAILED,issuer_down,UPI,12,3,COMPLETED,PAST_DUE,9,1,26019.09,2026-08-09 05:36:47,24,0.765,YES,RETRY_SUBSCRIPTION,1
TX1061,CUST0398,Deepak Verma,deepak.verma53@example.com,Enterprise,39999.09,INR,SUCCESS,none,UPI,41,3,COMPLETED,ACTIVE_RENEWAL_DUE,0,0,285776.86,2026-08-18 21:33:23,7,0.99,NO,NO_ACTION,0
TX1062,CUST0374,Rohan Joshi,rohan.joshi28@example.com,Standard,7999.21,INR,FAILED,authentication_failed,UPI,14,1,COMPLETED,NONE,4,0,43111.58,2026-08-24 17:13:54,27,0.765,YES,SEND_PAYMENT_REMINDER,0
TX1063,CUST0125,Manish Saxena,manish.saxena18@example.com,New,7999.45,INR,FAILED,processor_error,UPI,0,2,COMPLETED,NONE,2,0,2686.96,2026-08-14 11:01:42,20,0.775,YES,RETRY_PAYMENT,1
TX1064,CUST0168,Aarav Choudhury,aarav.choudhury95@example.com,New,7999.92,INR,FAILED,insufficient_funds,Net Banking,2,2,COMPLETED,NONE,5,0,3737.43,2026-08-04 17:31:20,39,0.45,YES,SEND_PAYMENT_REMINDER,1
TX1065,CUST0257,Shweta Chopra,shweta.chopra22@example.com,New,2499.65,INR,ABANDONED,checkout_dropoff,Debit Card,2,0,ABANDONED_CART,NONE,0,0,2452.87,2026-08-18 07:56:46,20,0.655,YES,SEND_CHECKOUT_REMINDER,1
TX1066,CUST0404,Kavita Chopra,kavita.chopra40@example.com,Standard,499.01,INR,FAILED,issuer_down,UPI,3,3,COMPLETED,NONE,1,3,25217.78,2026-08-16 01:46:00,53,0.36,NO,CREATE_ESCALATION,0
TX1067,CUST0146,Ananya Iyer,ananya.iyer19@example.com,Standard,1499.36,INR,FAILED,account_closed,Debit Card,12,2,COMPLETED,NONE,6,1,23288.98,2026-07-29 17:55:36,67,0.01,NO,STOP_RECOVERY,0
TX1068,CUST0136,Rahul Agarwal,rahul.agarwal80@example.com,Enterprise,39999.16,INR,FAILED,processor_error,Credit Card,19,3,COMPLETED,NONE,3,1,423208.9,2026-07-26 22:16:51,40,0.9345,YES,RETRY_PAYMENT,1
TX1069,CUST0212,Kavita Malhotra,kavita.malhotra99@example.com,Standard,7999.12,INR,ABANDONED,checkout_dropoff,UPI,8,4,PAYMENT_PAGE_DROPOFF,NONE,0,0,18231.65,2026-07-29 16:30:50,34,0.655,YES,SEND_CHECKOUT_REMINDER,1
TX1070,CUST0172,Arjun Singh,arjun.singh10@example.com,Standard,999.55,INR,ABANDONED,checkout_dropoff,UPI,6,3,OTP_DROPOFF,NONE,0,0,26917.49,2026-08-15 00:18:21,19,0.655,YES,SEND_CHECKOUT_REMINDER,0
TX1071,CUST0114,Karan Saxena,karan.saxena60@example.com,New,1499.2,INR,ABANDONED,checkout_dropoff,Debit Card,1,0,ABANDONED_CART,NONE,0,0,3449.47,2026-08-15 10:13:51,24,0.655,YES,SEND_CHECKOUT_REMINDER,1
TX1072,CUST0128,Alok Reddy,alok.reddy76@example.com,Standard,999.49,INR,FAILED,network_timeout,Debit Card,8,2,COMPLETED,NONE,7,1,22524.0,2026-08-19 11:41:57,22,0.805,YES,RETRY_PAYMENT,0
TX1073,CUST0168,Aarav Choudhury,aarav.choudhury95@example.com,New,2499.36,INR,ABANDONED,checkout_dropoff,UPI,2,2,PAYMENT_PAGE_DROPOFF,NONE,0,0,3737.43,2026-08-20 20:14:23,29,0.63,YES,SEND_CHECKOUT_REMINDER,0
TX1074,CUST0109,Alok Chopra,alok.chopra68@example.com,New,999.04,INR,FAILED,authentication_failed,Credit Card,0,0,COMPLETED,NONE,6,0,2210.57,2026-07-27 02:06:37,36,0.455,YES,SEND_PAYMENT_REMINDER,1
TX1075,CUST0306,Tanvi Malhotra,tanvi.malhotra99@example.com,VIP,24999.15,INR,FAILED,issuer_down,UPI,27,0,COMPLETED,NONE,1,0,86083.21,2026-08-11 18:30:21,30,0.99,YES,RETRY_PAYMENT,1
TX1076,CUST0425,Ananya Chopra,ananya.chopra72@example.com,New,4999.07,INR,ABANDONED,checkout_dropoff,Debit Card,2,0,OTP_DROPOFF,NONE,0,0,3606.08,2026-08-15 04:03:49,31,0.655,YES,SEND_CHECKOUT_REMINDER,1
TX1077,CUST0226,Amit Roy,amit.roy46@example.com,Standard,2499.61,INR,FAILED,insufficient_funds,UPI,2,1,COMPLETED,NONE,2,0,16524.2,2026-08-08 17:00:26,26,0.525,YES,SEND_PAYMENT_REMINDER,1
TX1078,CUST0278,Rajesh Patel,rajesh.patel24@example.com,Standard,4999.26,INR,FAILED,network_timeout,Credit Card,9,2,COMPLETED,NONE,4,1,30969.58,2026-08-19 03:55:47,12,0.9477,YES,RETRY_PAYMENT,1
TX1079,CUST0369,Siddharth Singh,siddharth.singh76@example.com,Standard,3499.62,INR,FAILED,account_closed,UPI,9,2,COMPLETED,NONE,5,0,41972.42,2026-08-17 01:03:07,55,0.1177,NO,STOP_RECOVERY,0
TX1080,CUST0153,Manish Verma,manish.verma52@example.com,VIP,2499.23,INR,FAILED,network_timeout,Net Banking,37,1,COMPLETED,NONE,0,2,58817.35,2026-08-15 21:32:45,31,0.6911,NO,CREATE_ESCALATION,0
TX1081,CUST0177,Simran Patel,simran.patel99@example.com,Standard,499.55,INR,SUCCESS,none,UPI,12,4,COMPLETED,ACTIVE_RENEWAL_DUE,0,0,12777.41,2026-08-24 11:37:32,12,0.99,NO,NO_ACTION,0
TX1082,CUST0265,Karan Joshi,karan.joshi55@example.com,New,1499.27,INR,FAILED,network_timeout,UPI,0,0,COMPLETED,NONE,5,0,2216.14,2026-08-23 03:35:40,10,0.875,YES,RETRY_PAYMENT,1
TX1083,CUST0124,Siddharth Bansal,siddharth.bansal40@example.com,VIP,14999.86,INR,FAILED,processor_error,Wallet,33,1,COMPLETED,PAST_DUE,6,0,97890.46,2026-07-28 17:48:22,23,0.8306,YES,RETRY_SUBSCRIPTION,1
TX1084,CUST0389,Rajesh Saxena,rajesh.saxena17@example.com,Enterprise,4999.46,INR,FAILED,account_closed,Debit Card,23,3,COMPLETED,NONE,7,3,301145.51,2026-08-17 20:40:26,76,0.01,NO,CREATE_ESCALATION,0
TX1085,CUST0113,Gaurav Verma,gaurav.verma18@example.com,Enterprise,49999.69,INR,FAILED,insufficient_funds,UPI,17,2,COMPLETED,NONE,5,0,260465.91,2026-08-06 01:36:15,53,0.6392,YES,SEND_PAYMENT_REMINDER,1
TX1086,CUST0372,Amit Roy,amit.roy15@example.com,Standard,499.96,INR,FAILED,velocity_limit_exceeded,Wallet,4,3,COMPLETED,NONE,4,0,19061.88,2026-08-08 06:26:47,43,0.3107,NO,STOP_RECOVERY,0
TX1087,CUST0144,Pooja Saxena,pooja.saxena63@example.com,Enterprise,39999.81,INR,FAILED,account_closed,Credit Card,53,0,COMPLETED,NONE,0,0,347752.6,2026-08-10 20:05:13,77,0.175,NO,STOP_RECOVERY,0
TX1088,CUST0302,Pooja Deshmukh,pooja.deshmukh16@example.com,Standard,1499.45,INR,FAILED,card_expired,Debit Card,12,3,COMPLETED,NONE,3,0,39723.69,2026-08-17 17:37:59,48,0.165,NO,SEND_PAYMENT_REMINDER,0
TX1089,CUST0339,Preeti Choudhury,preeti.choudhury56@example.com,VIP,8999.95,INR,FAILED,card_expired,UPI,37,2,COMPLETED,NONE,4,0,122365.62,2026-07-30 07:06:34,48,0.3173,NO,SEND_PAYMENT_REMINDER,0
TX1090,CUST0409,Alok Malhotra,alok.malhotra22@example.com,Standard,1499.15,INR,ABANDONED,checkout_dropoff,UPI,11,4,PAYMENT_PAGE_DROPOFF,NONE,0,0,9752.44,2026-08-20 18:02:42,20,0.665,YES,SEND_CHECKOUT_REMINDER,1
TX1091,CUST0254,Vikram Patel,vikram.patel60@example.com,Standard,499.94,INR,FAILED,insufficient_funds,UPI,6,2,COMPLETED,CHURN_RISK,12,0,29930.38,2026-08-25 09:27:58,42,0.2975,NO,RETRY_SUBSCRIPTION,0
TX1092,CUST0172,Arjun Singh,arjun.singh10@example.com,Standard,7999.97,INR,FAILED,insufficient_funds,UPI,6,3,COMPLETED,NONE,6,0,26917.49,2026-07-28 12:34:51,41,0.405,YES,SEND_PAYMENT_REMINDER,0
TX1093,CUST0139,Arjun Sharma,arjun.sharma99@example.com,New,4999.44,INR,FAILED,card_expired,UPI,1,1,COMPLETED,NONE,5,0,1783.62,2026-07-28 14:35:56,52,0.17,NO,SEND_PAYMENT_REMINDER,0
TX1094,CUST0303,Priya Roy,priya.roy29@example.com,Standard,2499.17,INR,FAILED,issuer_down,Credit Card,3,4,COMPLETED,NONE,2,0,25296.5,2026-08-07 03:44:39,10,0.8393,YES,RETRY_PAYMENT,1
TX1095,CUST0226,Amit Roy,amit.roy46@example.com,Standard,3499.47,INR,FAILED,authentication_failed,Credit Card,2,1,COMPLETED,NONE,6,0,16524.2,2026-08-10 15:22:52,28,0.555,YES,SEND_PAYMENT_REMINDER,0
TX1096,CUST0379,Ritu Singh,ritu.singh43@example.com,Standard,7999.71,INR,FAILED,webhook_drop,Debit Card,8,4,COMPLETED,NONE,7,0,9710.44,2026-08-25 08:32:59,20,0.805,YES,RETRY_PAYMENT,1
TX1097,CUST0264,Varun Chopra,varun.chopra48@example.com,Standard,7999.77,INR,FAILED,account_closed,Credit Card,8,2,COMPLETED,NONE,7,0,23273.43,2026-07-27 13:16:39,73,0.01,NO,STOP_RECOVERY,0
TX1098,CUST0437,Gaurav Joshi,gaurav.joshi47@example.com,New,7999.91,INR,FAILED,velocity_limit_exceeded,UPI,0,2,COMPLETED,NONE,3,1,4829.59,2026-08-11 16:26:08,56,0.275,NO,STOP_RECOVERY,0
TX1099,CUST0189,Nisha Roy,nisha.roy72@example.com,New,7999.73,INR,FAILED,authentication_failed,UPI,1,0,COMPLETED,NONE,0,1,1728.21,2026-08-13 10:47:35,28,0.775,YES,SEND_PAYMENT_REMINDER,1
TX1100,CUST0197,Varun Reddy,varun.reddy87@example.com,Standard,2499.54,INR,FAILED,issuer_down,Debit Card,6,2,COMPLETED,NONE,0,0,11711.57,2026-08-19 23:40:04,10,0.8875,YES,RETRY_PAYMENT,1
TX1101,CUST0270,Aditi Saxena,aditi.saxena51@example.com,Standard,999.34,INR,FAILED,insufficient_funds,Net Banking,4,0,COMPLETED,NONE,5,0,41385.11,2026-08-01 17:14:00,33,0.525,YES,SEND_PAYMENT_REMINDER,0
TX1102,CUST0370,Rahul Patel,rahul.patel33@example.com,Standard,1499.7,INR,ABANDONED,checkout_dropoff,Net Banking,3,3,OTP_DROPOFF,NONE,0,0,29098.13,2026-08-24 11:46:53,23,0.58,YES,SEND_CHECKOUT_REMINDER,1
TX1103,CUST0170,Simran Gupta,simran.gupta62@example.com,Standard,2499.78,INR,SUCCESS,none,Wallet,6,4,COMPLETED,ACTIVE_RENEWAL_DUE,0,0,17371.39,2026-08-17 15:28:21,10,0.99,NO,NO_ACTION,0
TX1104,CUST0388,Rajesh Patel,rajesh.patel80@example.com,Standard,7999.35,INR,ABANDONED,checkout_dropoff,Credit Card,12,4,ABANDONED_CART,NONE,0,0,18780.59,2026-08-23 12:56:51,31,0.6175,YES,SEND_CHECKOUT_REMINDER,0
TX1105,CUST0251,Deepak Joshi,deepak.joshi14@example.com,Standard,4999.94,INR,FAILED,authentication_failed,UPI,12,1,COMPLETED,NONE,0,0,24813.15,2026-08-17 12:56:14,17,0.7635,YES,SEND_PAYMENT_REMINDER,1
TX1106,CUST0355,Meera Roy,meera.roy25@example.com,Standard,999.34,INR,FAILED,insufficient_funds,UPI,3,2,COMPLETED,NONE,1,2,14505.61,2026-08-18 00:49:35,65,0.155,NO,CREATE_ESCALATION,0
TX1107,CUST0236,Shweta Gupta,shweta.gupta46@example.com,New,1499.25,INR,FAILED,processor_error,UPI,1,1,COMPLETED,NONE,0,0,3621.53,2026-08-16 11:15:57,15,0.85,YES,RETRY_PAYMENT,0
TX1108,CUST0353,Aditi Chopra,aditi.chopra70@example.com,New,2499.1,INR,FAILED,network_timeout,Net Banking,1,2,COMPLETED,NONE,3,0,4240.0,2026-08-06 05:03:56,10,0.875,YES,RETRY_PAYMENT,1
TX1109,CUST0154,Alok Mehta,alok.mehta80@example.com,Standard,2499.16,INR,FAILED,velocity_limit_exceeded,UPI,6,1,COMPLETED,NONE,1,0,34649.24,2026-07-31 18:39:17,40,0.4036,YES,STOP_RECOVERY,0
TX1110,CUST0435,Preeti Patel,preeti.patel14@example.com,Standard,999.05,INR,FAILED,insufficient_funds,UPI,5,4,COMPLETED,NONE,3,0,34547.46,2026-08-22 08:48:05,31,0.5083,YES,SEND_PAYMENT_REMINDER,0
TX1111,CUST0253,Pooja Choudhury,pooja.choudhury93@example.com,New,3499.54,INR,FAILED,webhook_drop,UPI,0,2,COMPLETED,NONE,0,0,1148.7,2026-07-28 03:55:00,13,0.895,YES,RETRY_PAYMENT,1
TX1112,CUST0346,Amit Agarwal,amit.agarwal30@example.com,New,999.63,INR,SUCCESS,none,UPI,1,2,COMPLETED,ACTIVE_RENEWAL_DUE,0,0,2873.57,2026-07-27 10:42:32,8,0.99,NO,NO_ACTION,0
TX1113,CUST0258,Alok Gupta,alok.gupta15@example.com,Standard,4999.26,INR,ABANDONED,checkout_dropoff,Debit Card,13,2,PAYMENT_PAGE_DROPOFF,NONE,0,0,41136.96,2026-08-09 19:15:33,24,0.635,YES,SEND_CHECKOUT_REMINDER,0
TX1114,CUST0290,Sneha Iyer,sneha.iyer18@example.com,VIP,14999.46,INR,FAILED,insufficient_funds,UPI,36,2,COMPLETED,NONE,4,1,72729.86,2026-07-28 00:18:12,45,0.6471,YES,SEND_PAYMENT_REMINDER,1
TX1115,CUST0277,Kavita Sharma,kavita.sharma38@example.com,Standard,7999.58,INR,FAILED,authentication_failed,Debit Card,10,2,COMPLETED,NONE,6,2,41610.24,2026-08-08 02:14:58,68,0.22,NO,CREATE_ESCALATION,0
TX1116,CUST0394,Siddharth Saxena,siddharth.saxena92@example.com,VIP,2499.39,INR,FAILED,card_expired,Net Banking,11,0,COMPLETED,ACTIVE_RENEWAL_DUE,9,0,59092.36,2026-08-09 23:05:16,53,0.095,NO,SEND_PAYMENT_REMINDER,0
TX1117,CUST0189,Nisha Roy,nisha.roy72@example.com,New,999.8,INR,FAILED,issuer_down,Net Banking,1,0,COMPLETED,NONE,6,0,1728.21,2026-07-31 16:32:16,17,0.805,YES,RETRY_PAYMENT,1
TX1118,CUST0405,Karan Saxena,karan.saxena93@example.com,Standard,7999.07,INR,FAILED,velocity_limit_exceeded,UPI,2,2,COMPLETED,NONE,6,1,24795.77,2026-08-22 23:57:30,64,0.23,NO,STOP_RECOVERY,0
TX1119,CUST0420,Siddharth Deshmukh,siddharth.deshmukh88@example.com,Enterprise,2499.41,INR,FAILED,network_timeout,Credit Card,59,1,COMPLETED,NONE,1,2,264150.96,2026-08-19 02:59:34,34,0.6925,NO,CREATE_ESCALATION,0
TX1120,CUST0277,Kavita Sharma,kavita.sharma38@example.com,Standard,4999.48,INR,ABANDONED,checkout_dropoff,Net Banking,10,2,ABANDONED_CART,NONE,0,0,41610.24,2026-08-03 14:21:27,24,0.63,YES,SEND_CHECKOUT_REMINDER,1
TX1121,CUST0417,Kavita Iyer,kavita.iyer16@example.com,New,499.39,INR,FAILED,processor_error,Credit Card,2,2,COMPLETED,CHURN_RISK,4,0,1523.94,2026-08-16 11:36:55,16,0.8,YES,RETRY_SUBSCRIPTION,0
TX1122,CUST0111,Preeti Patel,preeti.patel30@example.com,Standard,1499.28,INR,FAILED,webhook_drop,UPI,4,4,COMPLETED,NONE,1,3,34165.07,2026-08-19 11:36:31,55,0.43,NO,CREATE_ESCALATION,0
TX1123,CUST0265,Karan Joshi,karan.joshi55@example.com,New,4999.09,INR,FAILED,fraud_blocked,UPI,0,0,COMPLETED,NONE,6,1,2216.14,2026-08-08 04:15:20,73,0.01,NO,STOP_RECOVERY,0
TX1124,CUST0182,Divya Malhotra,divya.malhotra41@example.com,Standard,2499.13,INR,FAILED,card_expired,UPI,4,3,COMPLETED,CHURN_RISK,1,0,23002.79,2026-08-16 23:04:09,55,0.1807,NO,SEND_PAYMENT_REMINDER,0
TX1125,CUST0334,Shweta Roy,shweta.roy81@example.com,VIP,4999.27,INR,FAILED,insufficient_funds,UPI,31,0,COMPLETED,CHURN_RISK,7,1,115938.15,2026-08-06 11:38:57,41,0.515,YES,RETRY_SUBSCRIPTION,1
TX1126,CUST0351,Suresh Bhatia,suresh.bhatia50@example.com,Enterprise,49999.47,INR,FAILED,card_expired,Credit Card,20,2,COMPLETED,NONE,5,0,189815.5,2026-08-01 00:02:22,72,0.2614,NO,SEND_PAYMENT_REMINDER,0
TX1127,CUST0184,Amit Patel,amit.patel79@example.com,Standard,999.85,INR,ABANDONED,checkout_dropoff,Net Banking,5,2,OTP_DROPOFF,NONE,0,0,18433.9,2026-08-19 01:39:24,21,0.6121,YES,SEND_CHECKOUT_REMINDER,0
TX1128,CUST0363,Meera Kapoor,meera.kapoor99@example.com,New,7999.68,INR,FAILED,network_timeout,UPI,0,2,COMPLETED,NONE,2,1,2590.8,2026-08-19 01:59:52,19,0.875,YES,RETRY_PAYMENT,1
TX1129,CUST0257,Shweta Chopra,shweta.chopra22@example.com,New,1499.42,INR,FAILED,webhook_drop,Debit Card,2,0,COMPLETED,NONE,5,0,2452.87,2026-08-16 22:55:27,10,0.99,YES,RETRY_PAYMENT,1
TX1130,CUST0304,Shweta Bansal,shweta.bansal57@example.com,Enterprise,39999.96,INR,FAILED,issuer_down,Credit Card,21,2,COMPLETED,CHURN_RISK,11,0,438149.37,2026-07-26 21:28:10,41,0.772,YES,RETRY_SUBSCRIPTION,1
TX1131,CUST0133,Nisha Deshmukh,nisha.deshmukh62@example.com,Enterprise,8999.85,INR,FAILED,issuer_down,UPI,21,3,COMPLETED,NONE,4,0,241719.03,2026-08-03 23:14:49,15,0.99,YES,RETRY_PAYMENT,1
TX1132,CUST0408,Meera Reddy,meera.reddy67@example.com,Standard,999.71,INR,ABANDONED,checkout_dropoff,UPI,6,0,PAYMENT_PAGE_DROPOFF,NONE,0,0,20453.95,2026-08-05 06:16:51,16,0.705,YES,SEND_CHECKOUT_REMINDER,1
TX1133,CUST0299,Divya Kapoor,divya.kapoor70@example.com,Standard,3499.81,INR,FAILED,processor_error,Debit Card,7,1,COMPLETED,NONE,3,1,32472.84,2026-08-13 03:57:22,21,0.8563,YES,RETRY_PAYMENT,1
TX1134,CUST0360,Suresh Choudhury,suresh.choudhury59@example.com,Standard,4999.87,INR,FAILED,account_closed,UPI,8,3,COMPLETED,NONE,1,0,6741.38,2026-07-31 18:34:10,64,0.1041,NO,STOP_RECOVERY,0
TX1135,CUST0436,Preeti Singh,preeti.singh14@example.com,Standard,4999.86,INR,FAILED,processor_error,UPI,15,1,COMPLETED,NONE,5,0,42356.9,2026-08-06 07:58:59,14,0.9156,YES,RETRY_PAYMENT,1
TX1136,CUST0425,Ananya Chopra,ananya.chopra72@example.com,New,499.47,INR,FAILED,webhook_drop,Credit Card,2,0,COMPLETED,NONE,1,2,3606.08,2026-08-24 00:04:33,31,0.635,NO,CREATE_ESCALATION,0
TX1137,CUST0178,Arjun Bansal,arjun.bansal23@example.com,Standard,2499.98,INR,FAILED,card_expired,UPI,4,0,COMPLETED,PAST_DUE,3,0,40706.39,2026-08-01 16:23:33,51,0.245,NO,SEND_PAYMENT_REMINDER,0
TX1138,CUST0424,Rajesh Iyer,rajesh.iyer48@example.com,Standard,499.0,INR,FAILED,network_timeout,Wallet,5,1,COMPLETED,NONE,2,1,16160.26,2026-08-05 01:50:14,10,0.95,YES,RETRY_PAYMENT,1
TX1139,CUST0320,Amit Bhatia,amit.bhatia61@example.com,VIP,14999.0,INR,FAILED,account_closed,UPI,16,0,COMPLETED,NONE,5,3,137135.31,2026-08-24 15:12:54,87,0.01,NO,CREATE_ESCALATION,0
TX1140,CUST0228,Varun Reddy,varun.reddy44@example.com,Standard,1499.13,INR,FAILED,fraud_blocked,UPI,10,1,COMPLETED,NONE,4,0,30905.39,2026-08-21 23:36:30,59,0.1114,NO,STOP_RECOVERY,0
TX1141,CUST0367,Karan Chopra,karan.chopra52@example.com,Standard,4999.99,INR,FAILED,processor_error,Credit Card,14,0,COMPLETED,NONE,7,0,39631.93,2026-08-05 19:25:13,17,0.735,YES,RETRY_PAYMENT,1
TX1142,CUST0168,Aarav Choudhury,aarav.choudhury95@example.com,New,3499.17,INR,FAILED,authentication_failed,UPI,2,2,COMPLETED,NONE,0,0,3737.43,2026-07-27 07:57:24,23,0.7,YES,SEND_PAYMENT_REMINDER,1
TX1143,CUST0125,Manish Saxena,manish.saxena18@example.com,New,499.05,INR,FAILED,processor_error,Credit Card,0,2,COMPLETED,NONE,7,0,2686.96,2026-08-15 06:44:52,27,0.585,YES,RETRY_PAYMENT,1
TX1144,CUST0423,Sneha Agarwal,sneha.agarwal97@example.com,New,499.66,INR,FAILED,card_expired,UPI,1,2,COMPLETED,NONE,2,0,2094.29,2026-08-08 07:12:23,49,0.145,NO,SEND_PAYMENT_REMINDER,0
TX1145,CUST0355,Meera Roy,meera.roy25@example.com,Standard,1499.82,INR,SUCCESS,none,UPI,3,2,COMPLETED,ACTIVE_RENEWAL_DUE,0,0,14505.61,2026-08-01 15:59:55,18,0.99,NO,NO_ACTION,0
TX1146,CUST0252,Vikram Choudhury,vikram.choudhury66@example.com,New,999.68,INR,FAILED,network_timeout,UPI,1,0,COMPLETED,NONE,3,0,4433.86,2026-08-12 02:50:20,10,0.99,YES,RETRY_PAYMENT,1
TX1147,CUST0177,Simran Patel,simran.patel99@example.com,Standard,499.72,INR,FAILED,webhook_drop,Net Banking,12,4,COMPLETED,NONE,4,1,12777.41,2026-08-19 01:26:17,10,0.9575,YES,RETRY_PAYMENT,1
TX1148,CUST0190,Aarav Joshi,aarav.joshi69@example.com,Standard,1499.79,INR,FAILED,card_expired,Net Banking,12,3,COMPLETED,NONE,1,0,33967.26,2026-08-21 05:47:53,46,0.165,NO,SEND_PAYMENT_REMINDER,0
TX1149,CUST0432,Pooja Deshmukh,pooja.deshmukh27@example.com,Standard,2499.95,INR,FAILED,network_timeout,UPI,9,0,COMPLETED,NONE,1,0,32247.68,2026-08-06 09:35:56,10,0.99,YES,RETRY_PAYMENT,1
TX1150,CUST0240,Alok Bansal,alok.bansal80@example.com,Standard,2499.79,INR,ABANDONED,checkout_dropoff,Debit Card,14,0,ABANDONED_CART,NONE,0,0,13142.33,2026-08-16 08:54:32,19,0.655,YES,SEND_CHECKOUT_REMINDER,0
TX1151,CUST0131,Simran Kapoor,simran.kapoor37@example.com,VIP,2499.41,INR,FAILED,webhook_drop,Wallet,25,1,COMPLETED,NONE,7,0,183795.56,2026-08-21 00:06:39,10,0.9292,YES,RETRY_PAYMENT,1
TX1152,CUST0167,Pooja Joshi,pooja.joshi65@example.com,New,2499.44,INR,FAILED,account_closed,Credit Card,0,1,COMPLETED,NONE,5,0,699.74,2026-08-10 07:37:39,67,0.01,NO,STOP_RECOVERY,0
TX1153,CUST0274,Simran Joshi,simran.joshi60@example.com,New,3499.09,INR,ABANDONED,checkout_dropoff,Credit Card,2,1,ABANDONED_CART,NONE,0,0,906.36,2026-08-16 07:42:47,27,0.605,YES,SEND_CHECKOUT_REMINDER,0
TX1154,CUST0429,Rajesh Iyer,rajesh.iyer44@example.com,Standard,3499.88,INR,ABANDONED,checkout_dropoff,UPI,5,1,ABANDONED_CART,NONE,0,0,38118.07,2026-08-20 20:16:58,24,0.68,YES,SEND_CHECKOUT_REMINDER,1
TX1155,CUST0341,Vikram Patel,vikram.patel79@example.com,Standard,499.74,INR,FAILED,issuer_down,Net Banking,14,0,COMPLETED,NONE,5,3,25307.59,2026-08-21 18:09:30,53,0.385,NO,CREATE_ESCALATION,0
TX1156,CUST0221,Vikram Mehta,vikram.mehta25@example.com,New,3499.44,INR,FAILED,processor_error,UPI,1,0,COMPLETED,PAST_DUE,6,0,4972.63,2026-08-08 23:59:42,18,0.805,YES,RETRY_SUBSCRIPTION,1
TX1157,CUST0307,Alok Chopra,alok.chopra28@example.com,New,499.82,INR,FAILED,card_expired,UPI,1,0,COMPLETED,CHURN_RISK,11,0,1316.33,2026-08-12 09:18:48,60,0.025,NO,SEND_PAYMENT_REMINDER,0
TX1158,CUST0275,Aarav Iyer,aarav.iyer96@example.com,Standard,999.84,INR,FAILED,processor_error,UPI,9,2,COMPLETED,NONE,7,1,31913.14,2026-07-28 07:15:26,16,0.7577,YES,RETRY_PAYMENT,0
TX1159,CUST0214,Pooja Malhotra,pooja.malhotra71@example.com,New,4999.95,INR,FAILED,issuer_down,UPI,2,0,COMPLETED,NONE,5,1,1361.93,2026-08-06 07:52:45,12,0.975,YES,RETRY_PAYMENT,1
TX1160,CUST0310,Alok Saxena,alok.saxena89@example.com,Standard,999.12,INR,FAILED,card_expired,UPI,2,1,COMPLETED,ACTIVE_RENEWAL_DUE,8,1,11296.4,2026-08-13 23:59:32,66,0.035,NO,SEND_PAYMENT_REMINDER,0
TX1161,CUST0313,Priya Saxena,priya.saxena60@example.com,Standard,4999.58,INR,FAILED,card_expired,UPI,12,2,COMPLETED,PAST_DUE,8,1,6816.69,2026-08-14 16:06:44,71,0.0636,NO,SEND_PAYMENT_REMINDER,0
TX1162,CUST0125,Manish Saxena,manish.saxena18@example.com,New,3499.48,INR,FAILED,issuer_down,Credit Card,0,2,COMPLETED,NONE,2,1,2686.96,2026-08-08 15:48:09,18,0.775,YES,RETRY_PAYMENT,1
TX1163,CUST0411,Karan Roy,karan.roy27@example.com,Standard,2499.41,INR,ABANDONED,checkout_dropoff,Net Banking,10,0,OTP_DROPOFF,NONE,0,0,6812.13,2026-08-10 19:08:18,26,0.655,YES,SEND_CHECKOUT_REMINDER,1
TX1164,CUST0276,Rahul Saxena,rahul.saxena39@example.com,Standard,999.14,INR,ABANDONED,checkout_dropoff,Wallet,12,2,OTP_DROPOFF,NONE,0,0,9333.84,2026-08-09 06:13:41,23,0.6336,YES,SEND_CHECKOUT_REMINDER,0
TX1165,CUST0381,Karan Gupta,karan.gupta66@example.com,VIP,24999.63,INR,FAILED,account_closed,Net Banking,14,1,COMPLETED,NONE,4,1,84531.27,2026-08-17 00:43:43,89,0.165,NO,STOP_RECOVERY,0
TX1166,CUST0192,Varun Sharma,varun.sharma33@example.com,VIP,8999.7,INR,FAILED,processor_error,Credit Card,37,0,COMPLETED,CHURN_RISK,8,0,223370.27,2026-08-16 12:05:01,24,0.795,YES,RETRY_SUBSCRIPTION,0
TX1167,CUST0374,Rohan Joshi,rohan.joshi28@example.com,Standard,7999.01,INR,FAILED,issuer_down,UPI,14,1,COMPLETED,NONE,6,0,43111.58,2026-08-21 02:14:09,16,0.845,YES,RETRY_PAYMENT,1
TX1168,CUST0247,Siddharth Choudhury,siddharth.choudhury85@example.com,Standard,499.68,INR,FAILED,authentication_failed,Credit Card,2,2,COMPLETED,NONE,0,0,34042.04,2026-07-31 01:36:27,25,0.65,YES,SEND_PAYMENT_REMINDER,0
TX1169,CUST0215,Rahul Saxena,rahul.saxena22@example.com,New,999.51,INR,FAILED,insufficient_funds,Debit Card,2,2,COMPLETED,CHURN_RISK,5,1,1773.49,2026-08-12 12:17:38,43,0.45,YES,RETRY_SUBSCRIPTION,1
TX1170,CUST0261,Simran Joshi,simran.joshi28@example.com,Standard,4999.25,INR,ABANDONED,checkout_dropoff,Wallet,5,3,PAYMENT_PAGE_DROPOFF,NONE,0,0,41513.16,2026-07-28 06:55:00,33,0.5988,YES,SEND_CHECKOUT_REMINDER,0
TX1171,CUST0432,Pooja Deshmukh,pooja.deshmukh27@example.com,Standard,4999.6,INR,FAILED,insufficient_funds,UPI,9,0,COMPLETED,ACTIVE_RENEWAL_DUE,5,0,32247.68,2026-08-13 07:48:59,28,0.575,YES,RETRY_SUBSCRIPTION,1
TX1172,CUST0364,Kavita Singh,kavita.singh68@example.com,New,1499.55,INR,FAILED,issuer_down,UPI,0,2,COMPLETED,NONE,4,0,3992.86,2026-07-27 21:26:09,10,0.825,YES,RETRY_PAYMENT,0
TX1173,CUST0406,Shweta Bansal,shweta.bansal43@example.com,Standard,3499.83,INR,FAILED,authentication_failed,UPI,2,0,COMPLETED,NONE,5,0,22237.11,2026-08-23 15:29:38,14,0.775,YES,SEND_PAYMENT_REMINDER,1
TX1174,CUST0135,Nisha Gupta,nisha.gupta33@example.com,Enterprise,24999.53,INR,FAILED,webhook_drop,Debit Card,27,3,COMPLETED,NONE,3,2,156072.92,2026-07-31 10:55:33,56,0.7,NO,CREATE_ESCALATION,0
TX1175,CUST0417,Kavita Iyer,kavita.iyer16@example.com,New,7999.74,INR,ABANDONED,checkout_dropoff,Credit Card,2,2,ABANDONED_CART,NONE,0,0,1523.94,2026-08-25 13:45:12,36,0.58,YES,SEND_CHECKOUT_REMINDER,1
TX1176,CUST0429,Rajesh Iyer,rajesh.iyer44@example.com,Standard,499.68,INR,FAILED,webhook_drop,Credit Card,5,1,COMPLETED,NONE,1,0,38118.07,2026-08-14 07:23:38,10,0.97,YES,RETRY_PAYMENT,1
TX1177,CUST0292,Ananya Roy,ananya.roy13@example.com,VIP,14999.04,INR,FAILED,insufficient_funds,Credit Card,43,1,COMPLETED,ACTIVE_RENEWAL_DUE,6,0,141608.5,2026-08-10 22:28:07,45,0.4816,YES,RETRY_SUBSCRIPTION,0
TX1178,CUST0376,Alok Bhatia,alok.bhatia96@example.com,Standard,999.66,INR,FAILED,card_expired,Credit Card,11,0,COMPLETED,CHURN_RISK,7,1,29203.79,2026-08-14 11:34:15,63,0.055,NO,SEND_PAYMENT_REMINDER,0
TX1179,CUST0323,Neha Mehta,neha.mehta87@example.com,Enterprise,39999.68,INR,FAILED,issuer_down,Credit Card,24,2,COMPLETED,NONE,5,0,178908.72,2026-08-23 20:48:00,33,0.99,YES,RETRY_PAYMENT,1
TX1180,CUST0395,Alok Saxena,alok.saxena91@example.com,Standard,2499.38,INR,ABANDONED,checkout_dropoff,Debit Card,5,4,PAYMENT_PAGE_DROPOFF,NONE,0,0,21663.47,2026-08-23 00:05:22,25,0.5883,YES,SEND_CHECKOUT_REMINDER,1
TX1181,CUST0161,Rahul Singh,rahul.singh70@example.com,New,3499.06,INR,ABANDONED,checkout_dropoff,Credit Card,0,1,ABANDONED_CART,NONE,0,0,4424.75,2026-08-14 22:00:12,35,0.505,YES,SEND_CHECKOUT_REMINDER,1
TX1182,CUST0358,Priya Deshmukh,priya.deshmukh33@example.com,VIP,8999.6,INR,FAILED,card_expired,UPI,32,0,COMPLETED,NONE,7,0,164132.74,2026-08-19 06:44:28,59,0.185,NO,SEND_PAYMENT_REMINDER,0
TX1183,CUST0170,Simran Gupta,simran.gupta62@example.com,Standard,7999.54,INR,SUCCESS,none,Debit Card,6,4,COMPLETED,NONE,0,0,17371.39,2026-08-19 13:51:14,14,0.99,NO,NO_ACTION,0
TX1184,CUST0447,Preeti Chopra,preeti.chopra71@example.com,Standard,7999.72,INR,FAILED,network_timeout,Net Banking,5,1,COMPLETED,NONE,0,1,43294.42,2026-08-24 15:14:32,13,0.95,YES,RETRY_PAYMENT,1
TX1185,CUST0302,Pooja Deshmukh,pooja.deshmukh16@example.com,Standard,1499.21,INR,ABANDONED,checkout_dropoff,Credit Card,12,3,OTP_DROPOFF,NONE,0,0,39723.69,2026-08-24 02:00:15,22,0.625,YES,SEND_CHECKOUT_REMINDER,1
TX1186,CUST0431,Ananya Nair,ananya.nair16@example.com,VIP,4999.22,INR,FAILED,insufficient_funds,Net Banking,43,0,COMPLETED,ACTIVE_RENEWAL_DUE,2,0,177588.91,2026-07-30 22:44:48,33,0.605,YES,RETRY_SUBSCRIPTION,0
TX1187,CUST0382,Rohan Kapoor,rohan.kapoor47@example.com,Standard,1499.66,INR,FAILED,webhook_drop,Credit Card,13,0,COMPLETED,NONE,3,1,26999.89,2026-08-12 03:56:15,10,0.99,YES,RETRY_PAYMENT,1
TX1188,CUST0221,Vikram Mehta,vikram.mehta25@example.com,New,999.31,INR,FAILED,authentication_failed,UPI,1,0,COMPLETED,NONE,4,1,4972.63,2026-08-14 06:13:50,18,0.775,YES,SEND_PAYMENT_REMINDER,1
TX1189,CUST0320,Amit Bhatia,amit.bhatia61@example.com,VIP,49999.22,INR,ABANDONED,checkout_dropoff,UPI,16,0,PAYMENT_PAGE_DROPOFF,NONE,0,0,137135.31,2026-08-05 01:41:37,40,0.785,YES,SEND_CHECKOUT_REMINDER,1
TX1190,CUST0448,Vikram Agarwal,vikram.agarwal80@example.com,Standard,2499.44,INR,FAILED,insufficient_funds,Debit Card,11,2,COMPLETED,PAST_DUE,9,0,21633.82,2026-08-22 00:15:25,47,0.3219,NO,RETRY_SUBSCRIPTION,0
TX1191,CUST0172,Arjun Singh,arjun.singh10@example.com,Standard,4999.88,INR,FAILED,card_expired,Net Banking,6,3,COMPLETED,NONE,1,2,26917.49,2026-08-01 13:36:36,78,0.01,NO,CREATE_ESCALATION,0
TX1192,CUST0403,Ritu Kapoor,ritu.kapoor69@example.com,Enterprise,8999.54,INR,SUCCESS,none,UPI,25,3,COMPLETED,ACTIVE_RENEWAL_DUE,0,0,498387.76,2026-07-27 18:34:18,9,0.99,NO,NO_ACTION,0
TX1193,CUST0288,Aarav Iyer,aarav.iyer32@example.com,New,3499.73,INR,FAILED,webhook_drop,UPI,0,0,COMPLETED,NONE,7,0,2930.97,2026-08-22 10:00:51,18,0.755,YES,RETRY_PAYMENT,1
TX1194,CUST0415,Priya Bansal,priya.bansal63@example.com,New,999.44,INR,FAILED,webhook_drop,Credit Card,1,1,COMPLETED,NONE,2,1,3532.13,2026-08-18 09:22:03,10,0.92,YES,RETRY_PAYMENT,1
TX1195,CUST0219,Amit Kapoor,amit.kapoor71@example.com,Enterprise,2499.66,INR,FAILED,card_expired,UPI,18,2,COMPLETED,NONE,5,0,476425.44,2026-08-06 18:10:21,39,0.31,NO,SEND_PAYMENT_REMINDER,0
TX1196,CUST0153,Manish Verma,manish.verma52@example.com,VIP,49999.27,INR,ABANDONED,checkout_dropoff,Debit Card,37,1,OTP_DROPOFF,NONE,0,0,58817.35,2026-08-11 07:34:03,46,0.7311,YES,SEND_CHECKOUT_REMINDER,1
TX1197,CUST0435,Preeti Patel,preeti.patel14@example.com,Standard,7999.08,INR,FAILED,webhook_drop,UPI,5,4,COMPLETED,NONE,3,0,34547.46,2026-08-13 07:18:28,10,0.9783,YES,RETRY_PAYMENT,1
TX1198,CUST0410,Arjun Bhatia,arjun.bhatia28@example.com,New,2499.16,INR,FAILED,webhook_drop,UPI,1,2,COMPLETED,NONE,4,0,4725.27,2026-08-22 03:14:37,10,0.945,YES,RETRY_PAYMENT,1
TX1199,CUST0439,Meera Choudhury,meera.choudhury34@example.com,Standard,4999.11,INR,ABANDONED,checkout_dropoff,UPI,4,4,PAYMENT_PAGE_DROPOFF,NONE,0,0,23720.83,2026-08-20 00:13:24,25,0.63,YES,SEND_CHECKOUT_REMINDER,1
TX1200,CUST0311,Aditi Patel,aditi.patel66@example.com,Standard,3499.59,INR,FAILED,issuer_down,UPI,12,3,COMPLETED,NONE,0,2,24426.47,2026-07-27 23:14:35,36,0.585,NO,CREATE_ESCALATION,0
TX1201,CUST0308,Varun Joshi,varun.joshi37@example.com,VIP,2499.87,INR,ABANDONED,checkout_dropoff,Credit Card,11,0,PAYMENT_PAGE_DROPOFF,NONE,0,0,199222.35,2026-08-12 13:58:28,23,0.735,YES,SEND_CHECKOUT_REMINDER,1
TX1202,CUST0411,Karan Roy,karan.roy27@example.com,Standard,999.22,INR,FAILED,account_closed,Wallet,10,0,COMPLETED,NONE,2,1,6812.13,2026-08-21 16:38:12,61,0.095,NO,STOP_RECOVERY,0
TX1203,CUST0186,Divya Deshmukh,divya.deshmukh63@example.com,Standard,2499.59,INR,FAILED,issuer_down,Debit Card,9,3,COMPLETED,NONE,6,0,7490.63,2026-08-05 22:54:09,17,0.7675,YES,RETRY_PAYMENT,0
TX1204,CUST0315,Priya Kapoor,priya.kapoor26@example.com,VIP,4999.47,INR,ABANDONED,checkout_dropoff,Debit Card,41,2,ABANDONED_CART,NONE,0,0,136131.0,2026-08-13 20:08:49,26,0.728,YES,SEND_CHECKOUT_REMINDER,1
TX1205,CUST0161,Rahul Singh,rahul.singh70@example.com,New,3499.53,INR,FAILED,network_timeout,UPI,0,1,COMPLETED,NONE,6,0,4424.75,2026-08-15 10:56:30,20,0.755,YES,RETRY_PAYMENT,1
TX1206,CUST0347,Gaurav Reddy,gaurav.reddy71@example.com,New,3499.8,INR,SUCCESS,none,Debit Card,0,1,COMPLETED,NONE,0,0,734.81,2026-08-07 02:40:10,18,0.925,NO,NO_ACTION,0
TX1207,CUST0169,Karan Bhatia,karan.bhatia94@example.com,Standard,7999.08,INR,FAILED,insufficient_funds,UPI,12,2,COMPLETED,NONE,6,0,29926.22,2026-08-18 15:35:51,46,0.4336,YES,SEND_PAYMENT_REMINDER,0
TX1208,CUST0161,Rahul Singh,rahul.singh70@example.com,New,999.68,INR,FAILED,authentication_failed,Credit Card,0,1,COMPLETED,NONE,5,0,4424.75,2026-08-06 22:12:02,24,0.575,YES,SEND_PAYMENT_REMINDER,0
TX1209,CUST0317,Rohan Joshi,rohan.joshi19@example.com,New,4999.39,INR,FAILED,processor_error,Credit Card,0,1,COMPLETED,NONE,7,0,584.34,2026-08-14 00:43:59,28,0.585,YES,RETRY_PAYMENT,1
TX1210,CUST0277,Kavita Sharma,kavita.sharma38@example.com,Standard,999.85,INR,ABANDONED,checkout_dropoff,Debit Card,10,2,OTP_DROPOFF,NONE,0,0,41610.24,2026-08-07 14:49:57,20,0.63,YES,SEND_CHECKOUT_REMINDER,0
TX1211,CUST0183,Gaurav Iyer,gaurav.iyer45@example.com,New,7999.34,INR,FAILED,card_expired,UPI,2,1,COMPLETED,NONE,0,0,3320.37,2026-08-10 22:11:11,60,0.195,NO,SEND_PAYMENT_REMINDER,0
TX1212,CUST0342,Gaurav Choudhury,gaurav.choudhury58@example.com,VIP,2499.26,INR,FAILED,velocity_limit_exceeded,Net Banking,31,2,COMPLETED,NONE,0,1,76209.81,2026-08-08 17:39:03,42,0.4459,YES,STOP_RECOVERY,0
TX1213,CUST0406,Shweta Bansal,shweta.bansal43@example.com,Standard,999.63,INR,FAILED,fraud_blocked,UPI,2,0,COMPLETED,NONE,3,2,22237.11,2026-08-18 21:10:38,67,0.01,NO,CREATE_ESCALATION,0
TX1214,CUST0362,Rajesh Gupta,rajesh.gupta55@example.com,New,999.67,INR,FAILED,webhook_drop,Credit Card,2,1,COMPLETED,NONE,0,3,1100.34,2026-08-02 14:58:56,54,0.405,NO,CREATE_ESCALATION,0
TX1215,CUST0303,Priya Roy,priya.roy29@example.com,Standard,499.73,INR,FAILED,fraud_blocked,UPI,3,4,COMPLETED,NONE,1,0,25296.5,2026-08-01 16:24:09,56,0.0393,NO,STOP_RECOVERY,0
TX1216,CUST0216,Gaurav Reddy,gaurav.reddy78@example.com,Standard,2499.57,INR,FAILED,authentication_failed,Credit Card,7,1,COMPLETED,NONE,6,0,17090.7,2026-08-01 12:14:14,25,0.5863,YES,SEND_PAYMENT_REMINDER,0
TX1217,CUST0363,Meera Kapoor,meera.kapoor99@example.com,New,7999.79,INR,FAILED,issuer_down,Wallet,0,2,COMPLETED,NONE,7,3,2590.8,2026-08-21 22:58:50,81,0.095,NO,CREATE_ESCALATION,0
TX1218,CUST0335,Shweta Joshi,shweta.joshi52@example.com,Standard,7999.03,INR,FAILED,account_closed,Credit Card,13,4,COMPLETED,NONE,1,0,39931.19,2026-08-22 13:40:34,67,0.0597,NO,STOP_RECOVERY,0
TX1219,CUST0262,Ananya Agarwal,ananya.agarwal69@example.com,Standard,3499.01,INR,FAILED,issuer_down,UPI,9,2,COMPLETED,ACTIVE_RENEWAL_DUE,5,0,31673.63,2026-08-06 06:24:30,10,0.9477,YES,RETRY_SUBSCRIPTION,1
TX1220,CUST0344,Divya Bhatia,divya.bhatia67@example.com,Standard,3499.27,INR,SUCCESS,none,UPI,5,3,COMPLETED,NONE,0,0,29423.82,2026-08-02 05:32:48,20,0.99,NO,NO_ACTION,0
TX1221,CUST0203,Pooja Deshmukh,pooja.deshmukh65@example.com,New,1499.2,INR,FAILED,network_timeout,UPI,2,1,COMPLETED,NONE,3,2,3682.89,2026-08-02 22:27:35,31,0.615,NO,CREATE_ESCALATION,0
TX1222,CUST0440,Nisha Gupta,nisha.gupta33@example.com,Standard,7999.54,INR,FAILED,authentication_failed,Credit Card,13,3,COMPLETED,NONE,7,0,30931.41,2026-07-26 20:56:53,39,0.5569,YES,SEND_PAYMENT_REMINDER,1
TX1223,CUST0362,Rajesh Gupta,rajesh.gupta55@example.com,New,3499.13,INR,FAILED,authentication_failed,UPI,2,1,COMPLETED,NONE,6,0,1100.34,2026-08-02 08:05:09,26,0.605,YES,SEND_PAYMENT_REMINDER,0
TX1224,CUST0190,Aarav Joshi,aarav.joshi69@example.com,Standard,3499.46,INR,ABANDONED,checkout_dropoff,Credit Card,12,3,ABANDONED_CART,NONE,0,0,33967.26,2026-07-30 06:50:39,28,0.625,YES,SEND_CHECKOUT_REMINDER,1
TX1225,CUST0152,Tanvi Reddy,tanvi.reddy42@example.com,Standard,1499.19,INR,FAILED,webhook_drop,UPI,5,2,COMPLETED,NONE,4,0,25216.36,2026-08-14 01:22:45,10,0.99,YES,RETRY_PAYMENT,1
TX1226,CUST0315,Priya Kapoor,priya.kapoor26@example.com,VIP,49999.4,INR,FAILED,network_timeout,Debit Card,41,2,COMPLETED,NONE,2,3,136131.0,2026-08-06 20:14:31,76,0.508,NO,CREATE_ESCALATION,0
TX1227,CUST0385,Nisha Bansal,nisha.bansal80@example.com,VIP,4999.79,INR,ABANDONED,checkout_dropoff,UPI,45,2,PAYMENT_PAGE_DROPOFF,NONE,0,0,123782.23,2026-08-07 02:24:54,22,0.7786,YES,SEND_CHECKOUT_REMINDER,1
TX1228,CUST0356,Aditi Nair,aditi.nair24@example.com,Standard,4999.51,INR,ABANDONED,checkout_dropoff,UPI,14,4,PAYMENT_PAGE_DROPOFF,NONE,0,0,23284.54,2026-08-22 11:20:02,23,0.6717,YES,SEND_CHECKOUT_REMINDER,1
TX1229,CUST0391,Neha Choudhury,neha.choudhury80@example.com,New,999.06,INR,FAILED,processor_error,UPI,0,1,COMPLETED,PAST_DUE,14,1,1383.36,2026-07-29 15:26:27,38,0.495,YES,RETRY_SUBSCRIPTION,1
TX1230,CUST0285,Rohan Reddy,rohan.reddy52@example.com,Standard,1499.34,INR,FAILED,account_closed,Credit Card,11,0,COMPLETED,NONE,5,2,7023.14,2026-08-23 15:06:26,71,0.01,NO,CREATE_ESCALATION,0
TX1231,CUST0376,Alok Bhatia,alok.bhatia96@example.com,Standard,1499.32,INR,FAILED,webhook_drop,UPI,11,0,COMPLETED,NONE,7,2,29203.79,2026-08-19 02:00:06,38,0.545,NO,CREATE_ESCALATION,0
TX1232,CUST0186,Divya Deshmukh,divya.deshmukh63@example.com,Standard,2499.62,INR,FAILED,webhook_drop,Credit Card,9,3,COMPLETED,NONE,1,0,7490.63,2026-08-23 12:44:49,10,0.9575,YES,RETRY_PAYMENT,1
TX1233,CUST0237,Shweta Joshi,shweta.joshi50@example.com,New,2499.77,INR,SUCCESS,none,Credit Card,2,0,COMPLETED,ACTIVE_RENEWAL_DUE,0,0,2546.72,2026-08-07 12:54:25,18,0.99,NO,NO_ACTION,0
TX1234,CUST0186,Divya Deshmukh,divya.deshmukh63@example.com,Standard,4999.23,INR,FAILED,network_timeout,UPI,9,3,COMPLETED,NONE,1,0,7490.63,2026-07-27 08:48:43,10,0.9875,YES,RETRY_PAYMENT,1
TX1235,CUST0381,Karan Gupta,karan.gupta66@example.com,VIP,24999.76,INR,FAILED,processor_error,UPI,14,1,COMPLETED,NONE,4,1,84531.27,2026-08-18 19:15:05,33,0.99,YES,RETRY_PAYMENT,1
TX1236,CUST0246,Karan Roy,karan.roy63@example.com,Standard,3499.83,INR,FAILED,processor_error,UPI,4,0,COMPLETED,NONE,5,2,16049.9,2026-07-30 11:11:44,39,0.565,NO,CREATE_ESCALATION,0
TX1237,CUST0240,Alok Bansal,alok.bansal80@example.com,Standard,4999.53,INR,FAILED,authentication_failed,Credit Card,14,0,COMPLETED,NONE,7,1,13142.33,2026-07-30 17:27:43,35,0.585,YES,SEND_PAYMENT_REMINDER,0
TX1238,CUST0374,Rohan Joshi,rohan.joshi28@example.com,Standard,3499.22,INR,FAILED,webhook_drop,UPI,14,1,COMPLETED,NONE,4,0,43111.58,2026-08-06 02:08:25,10,0.99,YES,RETRY_PAYMENT,1
TX1239,CUST0170,Simran Gupta,simran.gupta62@example.com,Standard,499.68,INR,FAILED,fraud_blocked,UPI,6,4,COMPLETED,NONE,7,0,17371.39,2026-08-09 18:00:06,60,0.01,NO,STOP_RECOVERY,0
TX1240,CUST0381,Karan Gupta,karan.gupta66@example.com,VIP,24999.43,INR,FAILED,network_timeout,UPI,14,1,COMPLETED,NONE,6,2,84531.27,2026-08-08 00:37:44,62,0.615,NO,CREATE_ESCALATION,0
TX1241,CUST0414,Ritu Chopra,ritu.chopra82@example.com,Standard,1499.64,INR,FAILED,account_closed,Debit Card,10,4,COMPLETED,NONE,4,0,26293.59,2026-08-16 05:07:12,55,0.0521,NO,STOP_RECOVERY,0
TX1242,CUST0334,Shweta Roy,shweta.roy81@example.com,VIP,24999.49,INR,FAILED,issuer_down,Credit Card,31,0,COMPLETED,NONE,2,0,115938.15,2026-08-03 20:06:56,35,0.99,YES,RETRY_PAYMENT,1
TX1243,CUST0165,Siddharth Sharma,siddharth.sharma43@example.com,VIP,4999.09,INR,FAILED,processor_error,Debit Card,26,0,COMPLETED,NONE,3,0,166117.95,2026-08-17 11:41:46,13,0.955,YES,RETRY_PAYMENT,1
TX1244,CUST0117,Suresh Bansal,suresh.bansal30@example.com,VIP,4999.06,INR,FAILED,card_expired,UPI,13,0,COMPLETED,ACTIVE_RENEWAL_DUE,9,0,80568.26,2026-08-20 23:31:57,61,0.145,NO,SEND_PAYMENT_REMINDER,0
TX1245,CUST0296,Priya Agarwal,priya.agarwal24@example.com,Standard,7999.71,INR,FAILED,account_closed,Debit Card,8,0,COMPLETED,NONE,7,0,36723.84,2026-07-30 07:59:29,68,0.01,NO,STOP_RECOVERY,0
TX1246,CUST0367,Karan Chopra,karan.chopra52@example.com,Standard,2499.67,INR,FAILED,card_expired,Credit Card,14,0,COMPLETED,NONE,5,0,39631.93,2026-08-01 22:15:40,48,0.195,NO,SEND_PAYMENT_REMINDER,0
TX1247,CUST0202,Shweta Bhatia,shweta.bhatia72@example.com,VIP,39999.22,INR,FAILED,webhook_drop,UPI,31,0,COMPLETED,NONE,6,0,219915.13,2026-07-28 05:40:55,31,0.99,YES,RETRY_PAYMENT,1
TX1248,CUST0225,Shweta Patel,shweta.patel62@example.com,Enterprise,49999.68,INR,ABANDONED,checkout_dropoff,UPI,26,0,ABANDONED_CART,NONE,0,0,162613.05,2026-07-27 22:24:51,41,0.785,YES,SEND_CHECKOUT_REMINDER,1
TX1249,CUST0181,Tanvi Kapoor,tanvi.kapoor74@example.com,New,1499.92,INR,SUCCESS,none,Credit Card,1,2,COMPLETED,NONE,0,0,4167.53,2026-08-16 06:03:33,6,0.975,NO,NO_ACTION,0
TX1250,CUST0283,Amit Agarwal,amit.agarwal57@example.com,New,7999.11,INR,FAILED,fraud_blocked,Credit Card,1,0,COMPLETED,NONE,5,3,4914.17,2026-08-16 17:08:07,87,0.01,NO,CREATE_ESCALATION,0
TX1251,CUST0199,Preeti Chopra,preeti.chopra35@example.com,Standard,4999.13,INR,FAILED,issuer_down,UPI,8,3,COMPLETED,PAST_DUE,12,0,42658.82,2026-08-07 00:10:22,24,0.6941,YES,RETRY_SUBSCRIPTION,1
TX1252,CUST0391,Neha Choudhury,neha.choudhury80@example.com,New,4999.46,INR,FAILED,insufficient_funds,UPI,0,1,COMPLETED,CHURN_RISK,14,0,1383.36,2026-08-06 02:29:52,57,0.145,NO,RETRY_SUBSCRIPTION,0
TX1253,CUST0235,Rajesh Bansal,rajesh.bansal51@example.com,New,7999.63,INR,FAILED,webhook_drop,Credit Card,1,1,COMPLETED,NONE,2,2,2337.57,2026-08-09 07:06:57,48,0.56,NO,CREATE_ESCALATION,0
TX1254,CUST0133,Nisha Deshmukh,nisha.deshmukh62@example.com,Enterprise,14999.19,INR,ABANDONED,checkout_dropoff,Credit Card,21,3,OTP_DROPOFF,NONE,0,0,241719.03,2026-08-11 20:13:40,31,0.7162,YES,SEND_CHECKOUT_REMINDER,1
TX1255,CUST0310,Alok Saxena,alok.saxena89@example.com,Standard,3499.65,INR,FAILED,network_timeout,Credit Card,2,1,COMPLETED,NONE,2,0,11296.4,2026-07-29 23:42:48,10,0.925,YES,RETRY_PAYMENT,1
TX1256,CUST0393,Sneha Saxena,sneha.saxena87@example.com,New,2499.52,INR,ABANDONED,checkout_dropoff,Credit Card,0,0,PAYMENT_PAGE_DROPOFF,NONE,0,0,3464.3,2026-08-07 07:58:13,28,0.505,YES,SEND_CHECKOUT_REMINDER,1
TX1257,CUST0137,Pooja Verma,pooja.verma40@example.com,Standard,4999.49,INR,FAILED,insufficient_funds,UPI,10,0,COMPLETED,ACTIVE_RENEWAL_DUE,8,1,43759.85,2026-08-23 07:19:28,44,0.415,YES,RETRY_SUBSCRIPTION,0
TX1258,CUST0313,Priya Saxena,priya.saxena60@example.com,Standard,499.82,INR,FAILED,card_expired,Debit Card,12,2,COMPLETED,NONE,0,1,6816.69,2026-08-19 12:02:20,59,0.1736,NO,SEND_PAYMENT_REMINDER,0
TX1259,CUST0150,Suresh Sharma,suresh.sharma23@example.com,Standard,2499.19,INR,FAILED,velocity_limit_exceeded,UPI,10,2,COMPLETED,NONE,3,1,42270.24,2026-08-02 14:30:43,46,0.4,YES,STOP_RECOVERY,0
TX1260,CUST0396,Aarav Bansal,aarav.bansal48@example.com,New,4999.42,INR,FAILED,insufficient_funds,UPI,2,1,COMPLETED,NONE,2,0,3388.58,2026-08-09 10:27:28,31,0.525,YES,SEND_PAYMENT_REMINDER,0
TX1261,CUST0327,Varun Verma,varun.verma14@example.com,Standard,3499.98,INR,FAILED,insufficient_funds,Net Banking,3,2,COMPLETED,NONE,5,0,23469.7,2026-08-22 17:58:06,34,0.465,YES,SEND_PAYMENT_REMINDER,1
TX1262,CUST0380,Deepak Agarwal,deepak.agarwal72@example.com,Enterprise,39999.25,INR,SUCCESS,none,UPI,54,2,COMPLETED,ACTIVE_RENEWAL_DUE,0,0,377592.26,2026-08-18 15:29:20,17,0.99,NO,NO_ACTION,0
TX1263,CUST0101,Rajesh Gupta,rajesh.gupta23@example.com,VIP,24999.02,INR,FAILED,account_closed,Debit Card,27,0,COMPLETED,NONE,4,0,94642.15,2026-08-25 03:54:28,83,0.175,NO,STOP_RECOVERY,0
TX1264,CUST0242,Tanvi Nair,tanvi.nair62@example.com,Standard,3499.92,INR,FAILED,webhook_drop,Net Banking,6,4,COMPLETED,NONE,0,0,5546.98,2026-08-11 00:17:40,10,0.935,YES,RETRY_PAYMENT,1
TX1265,CUST0220,Pooja Patel,pooja.patel16@example.com,Standard,3499.4,INR,SUCCESS,none,UPI,3,4,COMPLETED,NONE,0,0,30177.83,2026-08-04 16:23:49,15,0.99,NO,NO_ACTION,0
TX1266,CUST0348,Simran Bhatia,simran.bhatia46@example.com,Standard,4999.7,INR,FAILED,insufficient_funds,UPI,3,4,COMPLETED,ACTIVE_RENEWAL_DUE,10,1,39046.64,2026-08-20 10:41:13,55,0.2893,NO,RETRY_SUBSCRIPTION,0
TX1267,CUST0141,Aditi Saxena,aditi.saxena84@example.com,Standard,1499.34,INR,FAILED,card_expired,Debit Card,2,2,COMPLETED,PAST_DUE,14,0,7286.61,2026-08-23 07:55:36,63,0.01,NO,SEND_PAYMENT_REMINDER,0
TX1268,CUST0106,Pooja Patel,pooja.patel15@example.com,Standard,499.3,INR,FAILED,issuer_down,Credit Card,7,2,COMPLETED,NONE,2,0,29149.04,2026-08-14 15:21:31,10,0.8917,YES,RETRY_PAYMENT,1
TX1269,CUST0302,Pooja Deshmukh,pooja.deshmukh16@example.com,Standard,3499.5,INR,FAILED,webhook_drop,Wallet,12,3,COMPLETED,NONE,4,1,39723.69,2026-08-18 06:13:26,10,0.965,YES,RETRY_PAYMENT,1
TX1270,CUST0126,Alok Malhotra,alok.malhotra80@example.com,New,2499.5,INR,FAILED,card_expired,Credit Card,0,2,COMPLETED,ACTIVE_RENEWAL_DUE,13,0,2638.77,2026-08-03 13:13:15,62,0.01,NO,SEND_PAYMENT_REMINDER,0
TX1271,CUST0201,Simran Roy,simran.roy64@example.com,New,3499.24,INR,FAILED,card_expired,Credit Card,2,0,COMPLETED,NONE,6,0,2062.42,2026-08-25 14:04:33,55,0.075,NO,SEND_PAYMENT_REMINDER,0
TX1272,CUST0288,Aarav Iyer,aarav.iyer32@example.com,New,3499.65,INR,FAILED,processor_error,UPI,0,0,COMPLETED,ACTIVE_RENEWAL_DUE,6,1,2930.97,2026-08-05 07:06:38,31,0.655,YES,RETRY_SUBSCRIPTION,1
TX1273,CUST0220,Pooja Patel,pooja.patel16@example.com,Standard,7999.72,INR,FAILED,issuer_down,UPI,3,4,COMPLETED,NONE,0,0,30177.83,2026-08-06 21:19:48,19,0.8893,YES,RETRY_PAYMENT,1
TX1274,CUST0108,Tanvi Bhatia,tanvi.bhatia39@example.com,Standard,1499.45,INR,FAILED,authentication_failed,UPI,13,0,COMPLETED,NONE,3,1,6832.98,2026-08-19 19:15:40,20,0.775,YES,SEND_PAYMENT_REMINDER,1
TX1275,CUST0348,Simran Bhatia,simran.bhatia46@example.com,Standard,4999.69,INR,FAILED,issuer_down,Credit Card,3,4,COMPLETED,NONE,0,0,39046.64,2026-08-25 10:38:12,18,0.8393,YES,RETRY_PAYMENT,1
TX1276,CUST0128,Alok Reddy,alok.reddy76@example.com,Standard,499.38,INR,FAILED,insufficient_funds,Credit Card,8,2,COMPLETED,NONE,5,2,22524.0,2026-08-24 00:42:22,61,0.135,NO,CREATE_ESCALATION,0
TX1277,CUST0361,Neha Iyer,neha.iyer94@example.com,Standard,1499.48,INR,FAILED,processor_error,Wallet,7,0,COMPLETED,NONE,1,0,18792.1,2026-07-29 15:53:37,10,0.875,YES,RETRY_PAYMENT,1
TX1278,CUST0121,Sneha Agarwal,sneha.agarwal74@example.com,VIP,8999.49,INR,ABANDONED,checkout_dropoff,UPI,26,2,ABANDONED_CART,NONE,0,0,202392.44,2026-08-11 13:21:29,22,0.7743,YES,SEND_CHECKOUT_REMINDER,1
TX1279,CUST0421,Preeti Bansal,preeti.bansal27@example.com,New,3499.27,INR,FAILED,card_expired,UPI,2,2,COMPLETED,NONE,4,2,780.27,2026-08-25 13:17:42,78,0.01,NO,CREATE_ESCALATION,0
TX1280,CUST0216,Gaurav Reddy,gaurav.reddy78@example.com,Standard,4999.14,INR,ABANDONED,checkout_dropoff,UPI,7,1,OTP_DROPOFF,NONE,0,0,17090.7,2026-08-22 14:08:43,29,0.6863,YES,SEND_CHECKOUT_REMINDER,1
TX1281,CUST0421,Preeti Bansal,preeti.bansal27@example.com,New,3499.15,INR,SUCCESS,none,Credit Card,2,2,COMPLETED,ACTIVE_RENEWAL_DUE,0,0,780.27,2026-08-08 04:39:33,19,0.99,NO,NO_ACTION,0
TX1282,CUST0378,Neha Joshi,neha.joshi13@example.com,Standard,3499.54,INR,FAILED,card_expired,UPI,6,1,COMPLETED,ACTIVE_RENEWAL_DUE,5,1,43420.8,2026-08-15 05:57:34,55,0.2236,NO,SEND_PAYMENT_REMINDER,0
TX1283,CUST0175,Suresh Roy,suresh.roy38@example.com,Standard,999.31,INR,FAILED,account_closed,Credit Card,15,1,COMPLETED,NONE,1,0,31911.83,2026-08-12 14:52:01,58,0.0856,NO,STOP_RECOVERY,0
TX1284,CUST0312,Divya Iyer,divya.iyer24@example.com,Enterprise,39999.92,INR,FAILED,card_expired,Wallet,47,0,COMPLETED,CHURN_RISK,5,0,238069.14,2026-08-04 18:35:23,69,0.275,NO,SEND_PAYMENT_REMINDER,0
TX1285,CUST0414,Ritu Chopra,ritu.chopra82@example.com,Standard,3499.23,INR,FAILED,processor_error,Credit Card,10,4,COMPLETED,NONE,0,0,26293.59,2026-08-13 20:12:52,10,0.8321,YES,RETRY_PAYMENT,0
TX1286,CUST0341,Vikram Patel,vikram.patel79@example.com,Standard,7999.38,INR,FAILED,network_timeout,Debit Card,14,0,COMPLETED,NONE,2,0,25307.59,2026-08-06 21:25:47,15,0.975,YES,RETRY_PAYMENT,1
TX1287,CUST0214,Pooja Malhotra,pooja.malhotra71@example.com,New,7999.2,INR,FAILED,webhook_drop,Debit Card,2,0,COMPLETED,NONE,7,2,1361.93,2026-08-25 07:42:52,53,0.495,NO,CREATE_ESCALATION,0
TX1288,CUST0319,Priya Gupta,priya.gupta89@example.com,Standard,4999.82,INR,ABANDONED,checkout_dropoff,UPI,7,1,PAYMENT_PAGE_DROPOFF,NONE,0,0,37052.89,2026-07-27 22:17:38,25,0.6863,YES,SEND_CHECKOUT_REMINDER,0
TX1289,CUST0405,Karan Saxena,karan.saxena93@example.com,Standard,4999.78,INR,FAILED,account_closed,Credit Card,2,2,COMPLETED,NONE,7,0,24795.77,2026-08-14 21:58:57,65,0.01,NO,STOP_RECOVERY,0
TX1290,CUST0121,Sneha Agarwal,sneha.agarwal74@example.com,VIP,39999.95,INR,FAILED,webhook_drop,Credit Card,26,2,COMPLETED,NONE,7,0,202392.44,2026-08-11 03:47:25,34,0.9243,YES,RETRY_PAYMENT,1
TX1291,CUST0414,Ritu Chopra,ritu.chopra82@example.com,Standard,999.46,INR,ABANDONED,checkout_dropoff,Net Banking,10,4,ABANDONED_CART,NONE,0,0,26293.59,2026-08-16 08:56:43,26,0.6121,YES,SEND_CHECKOUT_REMINDER,1
TX1292,CUST0400,Arjun Mehta,arjun.mehta40@example.com,New,999.39,INR,FAILED,insufficient_funds,Net Banking,2,2,COMPLETED,NONE,0,0,977.83,2026-08-16 13:22:53,38,0.45,YES,SEND_PAYMENT_REMINDER,0
TX1293,CUST0147,Aarav Agarwal,aarav.agarwal37@example.com,Standard,4999.79,INR,ABANDONED,checkout_dropoff,UPI,11,0,ABANDONED_CART,NONE,0,0,7930.43,2026-08-16 10:12:56,19,0.705,YES,SEND_CHECKOUT_REMINDER,0
TX1294,CUST0425,Ananya Chopra,ananya.chopra72@example.com,New,2499.72,INR,SUCCESS,none,UPI,2,0,COMPLETED,NONE,0,0,3606.08,2026-08-11 09:19:39,17,0.99,NO,NO_ACTION,0
TX1295,CUST0382,Rohan Kapoor,rohan.kapoor47@example.com,Standard,1499.56,INR,ABANDONED,checkout_dropoff,UPI,13,0,ABANDONED_CART,NONE,0,0,26999.89,2026-08-18 17:19:35,16,0.705,YES,SEND_CHECKOUT_REMINDER,1
TX1296,CUST0127,Sneha Iyer,sneha.iyer79@example.com,Standard,7999.95,INR,FAILED,issuer_down,UPI,11,3,COMPLETED,NONE,2,0,43574.52,2026-08-04 23:01:56,10,0.9429,YES,RETRY_PAYMENT,1
TX1297,CUST0107,Ritu Agarwal,ritu.agarwal90@example.com,Standard,3499.8,INR,ABANDONED,checkout_dropoff,Credit Card,8,0,PAYMENT_PAGE_DROPOFF,NONE,0,0,27081.63,2026-08-21 08:04:30,22,0.655,YES,SEND_CHECKOUT_REMINDER,1
TX1298,CUST0344,Divya Bhatia,divya.bhatia67@example.com,Standard,3499.59,INR,FAILED,issuer_down,Credit Card,5,3,COMPLETED,NONE,4,1,29423.82,2026-08-08 22:19:46,12,0.8688,YES,RETRY_PAYMENT,1
TX1299,CUST0435,Preeti Patel,preeti.patel14@example.com,Standard,499.66,INR,FAILED,insufficient_funds,UPI,5,4,COMPLETED,PAST_DUE,6,2,34547.46,2026-07-31 00:50:55,64,0.0283,NO,CREATE_ESCALATION,0
TX1300,CUST0183,Gaurav Iyer,gaurav.iyer45@example.com,New,4999.69,INR,FAILED,fraud_blocked,Credit Card,2,1,COMPLETED,NONE,2,3,3320.37,2026-08-14 00:09:49,84,0.01,NO,CREATE_ESCALATION,0
TX1301,CUST0254,Vikram Patel,vikram.patel60@example.com,Standard,7999.07,INR,FAILED,insufficient_funds,UPI,6,2,COMPLETED,NONE,1,0,29930.38,2026-08-22 14:24:02,40,0.5375,YES,SEND_PAYMENT_REMINDER,1
TX1302,CUST0312,Divya Iyer,divya.iyer24@example.com,Enterprise,24999.06,INR,FAILED,insufficient_funds,Credit Card,47,0,COMPLETED,NONE,1,0,238069.14,2026-08-16 13:10:35,51,0.605,YES,SEND_PAYMENT_REMINDER,0
TX1303,CUST0263,Manish Chopra,manish.chopra54@example.com,Standard,3499.35,INR,FAILED,processor_error,UPI,4,0,COMPLETED,NONE,7,0,22669.19,2026-08-12 22:16:55,20,0.785,YES,RETRY_PAYMENT,0
TX1304,CUST0220,Pooja Patel,pooja.patel16@example.com,Standard,499.12,INR,FAILED,authentication_failed,Debit Card,3,4,COMPLETED,NONE,1,1,30177.83,2026-08-25 01:14:41,32,0.6393,YES,SEND_PAYMENT_REMINDER,1
TX1305,CUST0271,Ritu Deshmukh,ritu.deshmukh44@example.com,Enterprise,4999.01,INR,FAILED,webhook_drop,UPI,23,2,COMPLETED,NONE,4,0,312340.95,2026-08-19 20:31:49,10,0.99,YES,RETRY_PAYMENT,1
TX1306,CUST0104,Meera Deshmukh,meera.deshmukh10@example.com,Enterprise,14999.72,INR,ABANDONED,checkout_dropoff,UPI,52,2,ABANDONED_CART,NONE,0,0,423772.18,2026-08-05 16:08:34,34,0.7794,YES,SEND_CHECKOUT_REMINDER,1
TX1307,CUST0274,Simran Joshi,simran.joshi60@example.com,New,2499.79,INR,ABANDONED,checkout_dropoff,Net Banking,2,1,PAYMENT_PAGE_DROPOFF,NONE,0,0,906.36,2026-08-10 01:08:13,23,0.605,YES,SEND_CHECKOUT_REMINDER,1
TX1308,CUST0375,Simran Roy,simran.roy40@example.com,Standard,7999.41,INR,ABANDONED,checkout_dropoff,Net Banking,9,0,OTP_DROPOFF,NONE,0,0,10049.2,2026-08-09 13:09:27,28,0.655,YES,SEND_CHECKOUT_REMINDER,0
TX1309,CUST0262,Ananya Agarwal,ananya.agarwal69@example.com,Standard,3499.68,INR,FAILED,issuer_down,Credit Card,9,2,COMPLETED,PAST_DUE,2,2,31673.63,2026-07-27 05:39:23,45,0.5377,NO,CREATE_ESCALATION,0
TX1310,CUST0293,Aditi Bansal,aditi.bansal66@example.com,New,3499.6,INR,FAILED,fraud_blocked,Credit Card,1,2,COMPLETED,NONE,1,2,985.83,2026-08-20 22:42:40,75,0.01,NO,CREATE_ESCALATION,0
TX1311,CUST0145,Shweta Saxena,shweta.saxena50@example.com,Standard,2499.82,INR,FAILED,network_timeout,Credit Card,7,2,COMPLETED,NONE,4,0,13170.37,2026-08-02 19:16:53,10,0.9417,YES,RETRY_PAYMENT,1
TX1312,CUST0328,Aditi Bhatia,aditi.bhatia21@example.com,New,3499.15,INR,FAILED,webhook_drop,Credit Card,0,2,COMPLETED,NONE,7,1,4389.13,2026-08-19 15:28:38,23,0.705,YES,RETRY_PAYMENT,0
TX1313,CUST0365,Aditi Chopra,aditi.chopra49@example.com,Enterprise,39999.04,INR,FAILED,card_expired,Credit Card,27,0,COMPLETED,NONE,1,0,226238.33,2026-07-30 15:44:08,71,0.275,NO,SEND_PAYMENT_REMINDER,0
TX1314,CUST0153,Manish Verma,manish.verma52@example.com,VIP,8999.02,INR,FAILED,card_expired,Credit Card,37,1,COMPLETED,CHURN_RISK,4,0,58817.35,2026-08-15 10:38:52,52,0.2711,NO,SEND_PAYMENT_REMINDER,0
TX1315,CUST0326,Siddharth Mehta,siddharth.mehta45@example.com,Standard,999.27,INR,FAILED,webhook_drop,Credit Card,9,3,COMPLETED,NONE,1,0,30255.4,2026-08-03 20:29:24,10,0.9575,YES,RETRY_PAYMENT,1
TX1316,CUST0246,Karan Roy,karan.roy63@example.com,Standard,1499.61,INR,FAILED,insufficient_funds,Credit Card,4,0,COMPLETED,NONE,7,0,16049.9,2026-07-31 19:29:49,34,0.385,YES,SEND_PAYMENT_REMINDER,1
TX1317,CUST0145,Shweta Saxena,shweta.saxena50@example.com,Standard,3499.88,INR,ABANDONED,checkout_dropoff,UPI,7,2,OTP_DROPOFF,NONE,0,0,13170.37,2026-08-01 01:02:49,25,0.6717,YES,SEND_CHECKOUT_REMINDER,1
TX1318,CUST0260,Divya Saxena,divya.saxena88@example.com,Standard,7999.66,INR,FAILED,insufficient_funds,UPI,4,1,COMPLETED,NONE,7,1,12002.77,2026-08-01 14:50:42,49,0.405,YES,SEND_PAYMENT_REMINDER,0
TX1319,CUST0430,Preeti Malhotra,preeti.malhotra85@example.com,Standard,999.94,INR,FAILED,insufficient_funds,Debit Card,4,0,COMPLETED,NONE,4,2,29627.08,2026-08-09 15:15:53,65,0.165,NO,CREATE_ESCALATION,0
TX1320,CUST0267,Arjun Iyer,arjun.iyer46@example.com,VIP,14999.11,INR,FAILED,authentication_failed,Credit Card,13,2,COMPLETED,NONE,2,0,199034.43,2026-07-27 13:58:09,27,0.785,YES,SEND_PAYMENT_REMINDER,1
TX1321,CUST0155,Deepak Deshmukh,deepak.deshmukh98@example.com,Standard,7999.3,INR,FAILED,issuer_down,UPI,3,0,COMPLETED,NONE,6,0,42802.04,2026-08-15 03:47:03,23,0.855,YES,RETRY_PAYMENT,1
TX1322,CUST0275,Aarav Iyer,aarav.iyer96@example.com,Standard,2499.78,INR,FAILED,insufficient_funds,UPI,9,2,COMPLETED,NONE,5,0,31913.14,2026-08-16 11:54:08,31,0.5477,YES,SEND_PAYMENT_REMINDER,0
TX1323,CUST0394,Siddharth Saxena,siddharth.saxena92@example.com,VIP,24999.46,INR,FAILED,card_expired,Debit Card,11,0,COMPLETED,NONE,7,0,59092.36,2026-07-30 02:29:30,82,0.135,NO,SEND_PAYMENT_REMINDER,0
TX1324,CUST0406,Shweta Bansal,shweta.bansal43@example.com,Standard,2499.64,INR,FAILED,card_expired,Debit Card,2,0,COMPLETED,NONE,3,2,22237.11,2026-08-07 00:59:42,74,0.01,NO,CREATE_ESCALATION,0
TX1325,CUST0332,Sneha Verma,sneha.verma88@example.com,Enterprise,24999.44,INR,FAILED,fraud_blocked,Credit Card,43,3,COMPLETED,NONE,5,0,309627.42,2026-08-07 08:58:00,85,0.1452,NO,STOP_RECOVERY,0
TX1326,CUST0277,Kavita Sharma,kavita.sharma38@example.com,Standard,3499.98,INR,FAILED,authentication_failed,Wallet,10,2,COMPLETED,NONE,2,2,41610.24,2026-08-13 03:44:33,58,0.34,NO,CREATE_ESCALATION,0
TX1327,CUST0387,Suresh Deshmukh,suresh.deshmukh50@example.com,New,7999.28,INR,FAILED,webhook_drop,Debit Card,2,0,COMPLETED,NONE,6,1,1063.97,2026-08-06 10:50:07,24,0.875,YES,RETRY_PAYMENT,1
TX1328,CUST0323,Neha Mehta,neha.mehta87@example.com,Enterprise,14999.14,INR,FAILED,insufficient_funds,Credit Card,24,2,COMPLETED,NONE,5,2,178908.72,2026-08-15 13:10:12,70,0.2335,NO,CREATE_ESCALATION,0
TX1329,CUST0432,Pooja Deshmukh,pooja.deshmukh27@example.com,Standard,2499.65,INR,SUCCESS,none,UPI,9,0,COMPLETED,NONE,0,0,32247.68,2026-08-17 07:32:36,7,0.99,NO,NO_ACTION,0
TX1330,CUST0171,Siddharth Joshi,siddharth.joshi95@example.com,Standard,2499.88,INR,ABANDONED,checkout_dropoff,Credit Card,10,1,PAYMENT_PAGE_DROPOFF,NONE,0,0,12673.6,2026-08-08 03:35:42,25,0.6414,YES,SEND_CHECKOUT_REMINDER,1
TX1331,CUST0318,Simran Kapoor,simran.kapoor63@example.com,Standard,1499.22,INR,FAILED,account_closed,Credit Card,11,3,COMPLETED,NONE,0,1,33379.96,2026-08-09 04:12:43,65,0.0629,NO,STOP_RECOVERY,0
TX1332,CUST0380,Deepak Agarwal,deepak.agarwal72@example.com,Enterprise,2499.56,INR,ABANDONED,checkout_dropoff,Credit Card,54,2,ABANDONED_CART,NONE,0,0,377592.26,2026-07-27 16:16:18,20,0.7296,YES,SEND_CHECKOUT_REMINDER,0
TX1333,CUST0141,Aditi Saxena,aditi.saxena84@example.com,Standard,7999.97,INR,FAILED,insufficient_funds,UPI,2,2,COMPLETED,PAST_DUE,9,0,7286.61,2026-08-17 14:42:37,47,0.32,NO,RETRY_SUBSCRIPTION,0
TX1334,CUST0440,Nisha Gupta,nisha.gupta33@example.com,Standard,4999.53,INR,FAILED,network_timeout,Wallet,13,3,COMPLETED,NONE,0,2,30931.41,2026-07-29 00:23:53,40,0.5869,NO,CREATE_ESCALATION,0
TX1335,CUST0341,Vikram Patel,vikram.patel79@example.com,Standard,1499.95,INR,FAILED,issuer_down,Credit Card,14,0,COMPLETED,PAST_DUE,3,0,25307.59,2026-08-05 14:52:09,10,0.925,YES,RETRY_SUBSCRIPTION,1
TX1336,CUST0132,Meera Mehta,meera.mehta70@example.com,Standard,3499.05,INR,SUCCESS,none,Credit Card,11,4,COMPLETED,NONE,0,0,23906.84,2026-08-13 00:26:26,14,0.99,NO,NO_ACTION,0
TX1337,CUST0349,Rohan Singh,rohan.singh21@example.com,Standard,7999.78,INR,FAILED,insufficient_funds,UPI,10,1,COMPLETED,NONE,4,0,38241.87,2026-08-10 20:12:30,32,0.5614,YES,SEND_PAYMENT_REMINDER,1
TX1338,CUST0403,Ritu Kapoor,ritu.kapoor69@example.com,Enterprise,8999.8,INR,FAILED,card_expired,Debit Card,25,3,COMPLETED,NONE,3,0,498387.76,2026-08-15 10:46:16,53,0.2589,NO,SEND_PAYMENT_REMINDER,0
TX1339,CUST0175,Suresh Roy,suresh.roy38@example.com,Standard,7999.49,INR,SUCCESS,none,Credit Card,15,1,COMPLETED,ACTIVE_RENEWAL_DUE,0,0,31911.83,2026-08-20 07:49:13,12,0.99,NO,NO_ACTION,0
TX1340,CUST0439,Meera Choudhury,meera.choudhury34@example.com,Standard,999.57,INR,FAILED,insufficient_funds,UPI,4,4,COMPLETED,ACTIVE_RENEWAL_DUE,11,0,23720.83,2026-08-14 19:13:58,39,0.28,NO,RETRY_SUBSCRIPTION,0
TX1341,CUST0344,Divya Bhatia,divya.bhatia67@example.com,Standard,7999.91,INR,FAILED,processor_error,UPI,5,3,COMPLETED,NONE,6,0,29423.82,2026-08-18 01:24:27,19,0.7488,YES,RETRY_PAYMENT,0
TX1342,CUST0330,Amit Saxena,amit.saxena29@example.com,Standard,3499.68,INR,FAILED,insufficient_funds,UPI,7,4,COMPLETED,NONE,5,3,24025.16,2026-08-05 03:28:30,82,0.01,NO,CREATE_ESCALATION,0
TX1343,CUST0237,Shweta Joshi,shweta.joshi50@example.com,New,3499.39,INR,FAILED,card_expired,Debit Card,2,0,COMPLETED,CHURN_RISK,4,1,2546.72,2026-08-03 08:01:36,57,0.195,NO,SEND_PAYMENT_REMINDER,0
TX1344,CUST0193,Aditi Iyer,aditi.iyer58@example.com,Standard,499.82,INR,FAILED,webhook_drop,UPI,5,3,COMPLETED,NONE,1,0,18073.83,2026-07-26 23:47:43,10,0.9888,YES,RETRY_PAYMENT,1
TX1345,CUST0199,Preeti Chopra,preeti.chopra35@example.com,Standard,499.93,INR,ABANDONED,checkout_dropoff,UPI,8,3,ABANDONED_CART,NONE,0,0,42658.82,2026-08-14 06:08:42,25,0.6641,YES,SEND_CHECKOUT_REMINDER,1
TX1346,CUST0162,Ananya Reddy,ananya.reddy39@example.com,New,2499.65,INR,FAILED,insufficient_funds,UPI,1,1,COMPLETED,CHURN_RISK,13,2,1873.36,2026-08-13 19:33:10,74,0.01,NO,CREATE_ESCALATION,0
TX1347,CUST0340,Priya Singh,priya.singh27@example.com,New,2499.91,INR,FAILED,webhook_drop,Credit Card,1,1,COMPLETED,NONE,6,1,1364.02,2026-07-28 22:41:36,17,0.8,YES,RETRY_PAYMENT,1
TX1348,CUST0242,Tanvi Nair,tanvi.nair62@example.com,Standard,1499.99,INR,FAILED,issuer_down,Debit Card,6,4,COMPLETED,NONE,4,0,5546.98,2026-08-07 03:47:40,11,0.865,YES,RETRY_PAYMENT,1
TX1349,CUST0352,Preeti Gupta,preeti.gupta27@example.com,New,2499.22,INR,ABANDONED,checkout_dropoff,UPI,2,1,PAYMENT_PAGE_DROPOFF,NONE,0,0,4061.21,2026-08-11 21:26:03,25,0.655,YES,SEND_CHECKOUT_REMINDER,1
TX1350,CUST0138,Sneha Deshmukh,sneha.deshmukh31@example.com,Standard,7999.44,INR,FAILED,insufficient_funds,UPI,5,3,COMPLETED,ACTIVE_RENEWAL_DUE,11,1,41097.71,2026-08-17 12:00:42,58,0.2988,NO,RETRY_SUBSCRIPTION,0
TX1351,CUST0269,Rahul Mehta,rahul.mehta66@example.com,Standard,3499.7,INR,FAILED,insufficient_funds,Net Banking,12,0,COMPLETED,PAST_DUE,7,0,17357.32,2026-08-12 21:55:12,41,0.385,YES,RETRY_SUBSCRIPTION,1
TX1352,CUST0347,Gaurav Reddy,gaurav.reddy71@example.com,New,1499.33,INR,FAILED,card_expired,UPI,0,1,COMPLETED,NONE,0,1,734.81,2026-08-11 17:35:53,59,0.095,NO,SEND_PAYMENT_REMINDER,0
TX1353,CUST0275,Aarav Iyer,aarav.iyer96@example.com,Standard,7999.29,INR,FAILED,webhook_drop,UPI,9,2,COMPLETED,NONE,0,3,31913.14,2026-08-09 11:07:10,57,0.4777,NO,CREATE_ESCALATION,0
TX1354,CUST0423,Sneha Agarwal,sneha.agarwal97@example.com,New,4999.43,INR,FAILED,authentication_failed,Credit Card,1,2,COMPLETED,NONE,0,0,2094.29,2026-08-10 06:27:42,25,0.625,YES,SEND_PAYMENT_REMINDER,1
TX1355,CUST0377,Amit Bhatia,amit.bhatia77@example.com,Standard,7999.8,INR,SUCCESS,none,Credit Card,14,0,COMPLETED,NONE,0,0,27956.87,2026-08-10 15:57:06,6,0.99,NO,NO_ACTION,0
TX1356,CUST0274,Simran Joshi,simran.joshi60@example.com,New,499.4,INR,FAILED,account_closed,UPI,2,1,COMPLETED,NONE,7,2,906.36,2026-08-19 07:22:47,72,0.01,NO,CREATE_ESCALATION,0
TX1357,CUST0137,Pooja Verma,pooja.verma40@example.com,Standard,4999.02,INR,SUCCESS,none,UPI,10,0,COMPLETED,NONE,0,0,43759.85,2026-07-30 22:07:27,12,0.99,NO,NO_ACTION,0
TX1358,CUST0433,Aarav Malhotra,aarav.malhotra70@example.com,New,499.9,INR,FAILED,insufficient_funds,UPI,0,1,COMPLETED,ACTIVE_RENEWAL_DUE,8,1,3438.02,2026-07-31 20:11:54,52,0.265,NO,RETRY_SUBSCRIPTION,0
TX1359,CUST0355,Meera Roy,meera.roy25@example.com,Standard,499.8,INR,FAILED,account_closed,Credit Card,3,2,COMPLETED,NONE,6,0,14505.61,2026-08-14 03:25:54,58,0.01,NO,STOP_RECOVERY,0
TX1360,CUST0210,Deepak Bansal,deepak.bansal21@example.com,Standard,1499.06,INR,FAILED,issuer_down,Debit Card,9,3,COMPLETED,NONE,6,0,36717.31,2026-08-13 11:12:02,15,0.7675,YES,RETRY_PAYMENT,0
TX1361,CUST0121,Sneha Agarwal,sneha.agarwal74@example.com,VIP,39999.61,INR,FAILED,insufficient_funds,UPI,26,2,COMPLETED,ACTIVE_RENEWAL_DUE,8,0,202392.44,2026-08-19 09:44:12,57,0.4843,YES,RETRY_SUBSCRIPTION,1
TX1362,CUST0434,Kavita Reddy,kavita.reddy17@example.com,New,4999.8,INR,FAILED,issuer_down,Credit Card,1,1,COMPLETED,CHURN_RISK,3,0,1784.37,2026-08-04 04:27:57,15,0.85,YES,RETRY_SUBSCRIPTION,1
TX1363,CUST0190,Aarav Joshi,aarav.joshi69@example.com,Standard,999.71,INR,ABANDONED,checkout_dropoff,Credit Card,12,3,ABANDONED_CART,NONE,0,0,33967.26,2026-07-27 19:15:59,24,0.625,YES,SEND_CHECKOUT_REMINDER,0
TX1364,CUST0279,Vikram Verma,vikram.verma40@example.com,New,999.12,INR,FAILED,account_closed,UPI,1,1,COMPLETED,NONE,1,1,1022.54,2026-08-12 09:43:50,61,0.07,NO,STOP_RECOVERY,0
TX1365,CUST0207,Tanvi Joshi,tanvi.joshi37@example.com,Standard,7999.15,INR,FAILED,insufficient_funds,UPI,9,2,COMPLETED,PAST_DUE,8,0,12273.59,2026-08-01 11:39:24,41,0.3877,YES,RETRY_SUBSCRIPTION,1
TX1366,CUST0208,Neha Iyer,neha.iyer76@example.com,Standard,7999.88,INR,FAILED,account_closed,UPI,11,2,COMPLETED,NONE,1,1,27231.64,2026-08-05 16:52:16,63,0.1219,NO,STOP_RECOVERY,0
TX1367,CUST0364,Kavita Singh,kavita.singh68@example.com,New,4999.44,INR,FAILED,webhook_drop,UPI,0,2,COMPLETED,NONE,6,0,3992.86,2026-08-22 12:38:10,16,0.775,YES,RETRY_PAYMENT,1
TX1368,CUST0217,Vikram Iyer,vikram.iyer26@example.com,VIP,49999.2,INR,FAILED,insufficient_funds,UPI,13,2,COMPLETED,ACTIVE_RENEWAL_DUE,8,0,108427.33,2026-08-17 19:21:27,65,0.475,YES,RETRY_SUBSCRIPTION,1
TX1369,CUST0413,Vikram Kapoor,vikram.kapoor88@example.com,New,999.45,INR,FAILED,issuer_down,Credit Card,1,0,COMPLETED,NONE,5,3,2268.3,2026-08-07 07:03:25,48,0.385,NO,CREATE_ESCALATION,0
TX1370,CUST0244,Gaurav Mehta,gaurav.mehta44@example.com,Standard,2499.41,INR,FAILED,card_expired,UPI,13,2,COMPLETED,ACTIVE_RENEWAL_DUE,5,1,25354.88,2026-08-21 05:22:05,55,0.225,NO,SEND_PAYMENT_REMINDER,0
TX1371,CUST0218,Rajesh Bansal,rajesh.bansal71@example.com,VIP,14999.85,INR,FAILED,insufficient_funds,UPI,10,2,COMPLETED,NONE,7,2,106867.87,2026-08-21 09:12:01,79,0.13,NO,CREATE_ESCALATION,0
TX1372,CUST0227,Deepak Agarwal,deepak.agarwal90@example.com,VIP,24999.94,INR,SUCCESS,none,UPI,24,1,COMPLETED,NONE,0,0,207565.61,2026-08-13 01:23:43,18,0.99,NO,NO_ACTION,0
TX1373,CUST0123,Vikram Bhatia,vikram.bhatia86@example.com,New,7999.5,INR,FAILED,card_expired,UPI,2,2,COMPLETED,NONE,6,0,4633.22,2026-08-09 19:02:56,66,0.05,NO,SEND_PAYMENT_REMINDER,0
TX1374,CUST0386,Vikram Roy,vikram.roy71@example.com,New,2499.94,INR,FAILED,card_expired,Debit Card,0,1,COMPLETED,NONE,4,0,2291.72,2026-08-16 11:15:15,60,0.045,NO,SEND_PAYMENT_REMINDER,0
TX1375,CUST0336,Rohan Saxena,rohan.saxena99@example.com,Standard,499.97,INR,FAILED,webhook_drop,Net Banking,7,2,COMPLETED,NONE,2,2,43707.86,2026-08-18 02:13:32,35,0.6017,NO,CREATE_ESCALATION,0
TX1376,CUST0101,Rajesh Gupta,rajesh.gupta23@example.com,VIP,39999.33,INR,FAILED,authentication_failed,Net Banking,27,0,COMPLETED,NONE,6,1,94642.15,2026-07-28 19:04:55,54,0.685,YES,SEND_PAYMENT_REMINDER,0
TX1377,CUST0142,Kavita Choudhury,kavita.choudhury75@example.com,New,499.51,INR,SUCCESS,none,Credit Card,2,0,COMPLETED,ACTIVE_RENEWAL_DUE,0,0,755.96,2026-08-05 17:52:45,6,0.99,NO,NO_ACTION,0
TX1378,CUST0157,Divya Mehta,divya.mehta36@example.com,VIP,2499.36,INR,FAILED,account_closed,UPI,33,0,COMPLETED,NONE,1,1,229784.93,2026-08-09 15:13:59,59,0.225,NO,STOP_RECOVERY,0
TX1379,CUST0159,Tanvi Mehta,tanvi.mehta32@example.com,New,7999.57,INR,SUCCESS,none,Credit Card,0,0,COMPLETED,NONE,0,0,4892.93,2026-08-17 19:05:34,12,0.925,NO,NO_ACTION,0
TX1380,CUST0265,Karan Joshi,karan.joshi55@example.com,New,4999.42,INR,FAILED,authentication_failed,UPI,0,0,COMPLETED,NONE,5,0,2216.14,2026-08-03 16:40:36,31,0.625,YES,SEND_PAYMENT_REMINDER,1
TX1381,CUST0373,Ritu Bhatia,ritu.bhatia17@example.com,Standard,1499.45,INR,FAILED,card_expired,Credit Card,8,2,COMPLETED,NONE,1,0,30578.77,2026-08-11 15:50:06,47,0.165,NO,SEND_PAYMENT_REMINDER,0
TX1382,CUST0248,Varun Bansal,varun.bansal52@example.com,New,999.27,INR,ABANDONED,checkout_dropoff,Wallet,1,2,PAYMENT_PAGE_DROPOFF,NONE,0,0,2679.54,2026-07-28 23:34:52,24,0.555,YES,SEND_CHECKOUT_REMINDER,1
TX1383,CUST0422,Suresh Reddy,suresh.reddy50@example.com,Standard,4999.54,INR,FAILED,card_expired,UPI,12,3,COMPLETED,NONE,5,0,26019.09,2026-08-08 04:05:08,51,0.215,NO,SEND_PAYMENT_REMINDER,0
TX1384,CUST0219,Amit Kapoor,amit.kapoor71@example.com,Enterprise,8999.41,INR,FAILED,authentication_failed,Debit Card,18,2,COMPLETED,NONE,5,0,476425.44,2026-08-11 06:18:21,26,0.79,YES,SEND_PAYMENT_REMINDER,1
TX1385,CUST0256,Rajesh Bansal,rajesh.bansal90@example.com,New,1499.17,INR,FAILED,network_timeout,Credit Card,0,2,COMPLETED,NONE,7,0,807.89,2026-08-22 14:56:31,17,0.685,YES,RETRY_PAYMENT,1
TX1386,CUST0186,Divya Deshmukh,divya.deshmukh63@example.com,Standard,3499.28,INR,SUCCESS,none,Credit Card,9,3,COMPLETED,NONE,0,0,7490.63,2026-07-31 11:56:52,10,0.99,NO,NO_ACTION,0
TX1387,CUST0222,Meera Deshmukh,meera.deshmukh76@example.com,Standard,3499.13,INR,FAILED,insufficient_funds,UPI,14,4,COMPLETED,NONE,2,0,14027.49,2026-08-25 11:41:44,29,0.5417,YES,SEND_PAYMENT_REMINDER,1
TX1388,CUST0291,Kavita Agarwal,kavita.agarwal74@example.com,New,3499.3,INR,SUCCESS,none,UPI,2,2,COMPLETED,ACTIVE_RENEWAL_DUE,0,0,990.74,2026-08-24 22:30:52,20,0.99,NO,NO_ACTION,0
TX1389,CUST0175,Suresh Roy,suresh.roy38@example.com,Standard,999.0,INR,ABANDONED,checkout_dropoff,Net Banking,15,1,OTP_DROPOFF,NONE,0,0,31911.83,2026-08-23 12:12:12,20,0.6456,YES,SEND_CHECKOUT_REMINDER,0
TX1390,CUST0343,Vikram Singh,vikram.singh15@example.com,Enterprise,49999.97,INR,FAILED,velocity_limit_exceeded,Net Banking,59,1,COMPLETED,NONE,2,1,388473.2,2026-08-24 18:17:42,66,0.4525,YES,STOP_RECOVERY,1
TX1391,CUST0346,Amit Agarwal,amit.agarwal30@example.com,New,3499.12,INR,FAILED,network_timeout,Net Banking,1,2,COMPLETED,NONE,3,0,2873.57,2026-07-30 20:33:50,12,0.875,YES,RETRY_PAYMENT,1
TX1392,CUST0370,Rahul Patel,rahul.patel33@example.com,Standard,1499.19,INR,FAILED,velocity_limit_exceeded,UPI,3,3,COMPLETED,NONE,7,1,29098.13,2026-08-23 17:51:29,51,0.21,NO,STOP_RECOVERY,0
TX1393,CUST0410,Arjun Bhatia,arjun.bhatia28@example.com,New,4999.36,INR,FAILED,webhook_drop,Credit Card,1,2,COMPLETED,NONE,6,0,4725.27,2026-07-28 08:32:00,17,0.775,YES,RETRY_PAYMENT,1
TX1394,CUST0329,Tanvi Roy,tanvi.roy15@example.com,Standard,4999.88,INR,ABANDONED,checkout_dropoff,Net Banking,9,4,PAYMENT_PAGE_DROPOFF,NONE,0,0,27172.65,2026-07-29 07:15:00,32,0.6088,YES,SEND_CHECKOUT_REMINDER,1
TX1395,CUST0318,Simran Kapoor,simran.kapoor63@example.com,Standard,7999.58,INR,FAILED,fraud_blocked,Debit Card,11,3,COMPLETED,NONE,3,0,33379.96,2026-08-08 02:23:55,62,0.0429,NO,STOP_RECOVERY,0
TX1396,CUST0293,Aditi Bansal,aditi.bansal66@example.com,New,1499.41,INR,FAILED,fraud_blocked,UPI,1,2,COMPLETED,NONE,2,0,985.83,2026-08-07 22:59:27,60,0.025,NO,STOP_RECOVERY,0
TX1397,CUST0255,Rajesh Patel,rajesh.patel50@example.com,New,3499.73,INR,FAILED,insufficient_funds,Debit Card,2,2,COMPLETED,NONE,0,0,2210.04,2026-08-04 18:59:51,40,0.45,YES,SEND_PAYMENT_REMINDER,0
TX1398,CUST0435,Preeti Patel,preeti.patel14@example.com,Standard,999.49,INR,ABANDONED,checkout_dropoff,Credit Card,5,4,ABANDONED_CART,NONE,0,0,34547.46,2026-08-04 07:18:55,21,0.5883,YES,SEND_CHECKOUT_REMINDER,0
TX1399,CUST0353,Aditi Chopra,aditi.chopra70@example.com,New,4999.36,INR,FAILED,processor_error,Wallet,1,2,COMPLETED,NONE,6,2,4240.0,2026-07-28 16:13:15,63,0.295,NO,CREATE_ESCALATION,0
TX1400,CUST0292,Ananya Roy,ananya.roy13@example.com,VIP,49999.26,INR,FAILED,account_closed,Credit Card,43,1,COMPLETED,NONE,2,0,141608.5,2026-08-12 22:22:08,78,0.1716,NO,STOP_RECOVERY,0
TX1401,CUST0285,Rohan Reddy,rohan.reddy52@example.com,Standard,1499.05,INR,FAILED,account_closed,UPI,11,0,COMPLETED,NONE,1,0,7023.14,2026-08-23 00:53:40,55,0.145,NO,STOP_RECOVERY,0
TX1402,CUST0186,Divya Deshmukh,divya.deshmukh63@example.com,Standard,7999.84,INR,FAILED,issuer_down,Credit Card,9,3,COMPLETED,PAST_DUE,11,1,7490.63,2026-08-21 20:20:17,30,0.6675,YES,RETRY_SUBSCRIPTION,1
TX1403,CUST0174,Shweta Reddy,shweta.reddy46@example.com,Standard,1499.77,INR,FAILED,issuer_down,UPI,14,1,COMPLETED,NONE,2,0,31354.03,2026-08-11 05:15:43,10,0.965,YES,RETRY_PAYMENT,1
TX1404,CUST0387,Suresh Deshmukh,suresh.deshmukh50@example.com,New,3499.84,INR,ABANDONED,checkout_dropoff,Credit Card,2,0,OTP_DROPOFF,NONE,0,0,1063.97,2026-08-20 14:47:55,27,0.655,YES,SEND_CHECKOUT_REMINDER,1
TX1405,CUST0336,Rohan Saxena,rohan.saxena99@example.com,Standard,999.91,INR,FAILED,processor_error,Net Banking,7,2,COMPLETED,NONE,4,1,43707.86,2026-07-30 04:06:23,19,0.8417,YES,RETRY_PAYMENT,1
TX1406,CUST0276,Rahul Saxena,rahul.saxena39@example.com,Standard,4999.81,INR,FAILED,issuer_down,UPI,12,2,COMPLETED,NONE,2,1,9333.84,2026-08-04 19:33:06,10,0.9536,YES,RETRY_PAYMENT,1
TX1407,CUST0158,Shweta Nair,shweta.nair62@example.com,Standard,7999.43,INR,FAILED,network_timeout,UPI,7,4,COMPLETED,NONE,0,1,40365.39,2026-08-18 21:57:27,16,0.9705,YES,RETRY_PAYMENT,1
TX1408,CUST0123,Vikram Bhatia,vikram.bhatia86@example.com,New,7999.1,INR,FAILED,insufficient_funds,UPI,2,2,COMPLETED,NONE,3,1,4633.22,2026-08-15 16:50:29,43,0.5,YES,SEND_PAYMENT_REMINDER,1
TX1409,CUST0243,Rohan Nair,rohan.nair92@example.com,New,999.85,INR,FAILED,insufficient_funds,Net Banking,0,1,COMPLETED,CHURN_RISK,4,0,4761.77,2026-08-06 02:37:17,34,0.375,YES,RETRY_SUBSCRIPTION,0
TX1410,CUST0108,Tanvi Bhatia,tanvi.bhatia39@example.com,Standard,1499.17,INR,FAILED,card_expired,Credit Card,13,0,COMPLETED,ACTIVE_RENEWAL_DUE,12,0,6832.98,2026-08-17 03:33:48,65,0.01,NO,SEND_PAYMENT_REMINDER,0
TX1411,CUST0344,Divya Bhatia,divya.bhatia67@example.com,Standard,2499.67,INR,FAILED,authentication_failed,UPI,5,3,COMPLETED,NONE,5,3,29423.82,2026-08-13 08:31:59,64,0.1788,NO,CREATE_ESCALATION,0
TX1412,CUST0261,Simran Joshi,simran.joshi28@example.com,Standard,999.49,INR,FAILED,webhook_drop,UPI,5,3,COMPLETED,NONE,4,1,41513.16,2026-07-29 23:36:24,10,0.9888,YES,RETRY_PAYMENT,1
TX1413,CUST0334,Shweta Roy,shweta.roy81@example.com,VIP,49999.44,INR,FAILED,network_timeout,Credit Card,31,0,COMPLETED,NONE,4,3,115938.15,2026-08-05 00:49:27,78,0.515,NO,CREATE_ESCALATION,0
TX1414,CUST0448,Vikram Agarwal,vikram.agarwal80@example.com,Standard,4999.49,INR,FAILED,network_timeout,UPI,11,2,COMPLETED,NONE,7,0,21633.82,2026-07-27 01:23:06,10,0.8619,YES,RETRY_PAYMENT,1
TX1415,CUST0403,Ritu Kapoor,ritu.kapoor69@example.com,Enterprise,4999.06,INR,SUCCESS,none,Wallet,25,3,COMPLETED,ACTIVE_RENEWAL_DUE,0,0,498387.76,2026-08-17 22:00:37,11,0.99,NO,NO_ACTION,0
TX1416,CUST0405,Karan Saxena,karan.saxena93@example.com,Standard,999.83,INR,ABANDONED,checkout_dropoff,Debit Card,2,2,PAYMENT_PAGE_DROPOFF,NONE,0,0,24795.77,2026-08-07 19:16:02,29,0.58,YES,SEND_CHECKOUT_REMINDER,0
TX1417,CUST0404,Kavita Chopra,kavita.chopra40@example.com,Standard,4999.93,INR,FAILED,issuer_down,UPI,3,3,COMPLETED,NONE,6,3,25217.78,2026-08-19 08:36:50,69,0.24,NO,CREATE_ESCALATION,0
TX1418,CUST0229,Gaurav Mehta,gaurav.mehta82@example.com,VIP,4999.03,INR,ABANDONED,checkout_dropoff,Credit Card,20,1,ABANDONED_CART,NONE,0,0,169008.81,2026-08-02 14:22:15,22,0.7279,YES,SEND_CHECKOUT_REMINDER,1
TX1419,CUST0192,Varun Sharma,varun.sharma33@example.com,VIP,4999.3,INR,ABANDONED,checkout_dropoff,UPI,37,0,ABANDONED_CART,NONE,0,0,223370.27,2026-08-16 01:12:22,20,0.785,YES,SEND_CHECKOUT_REMINDER,1
TX1420,CUST0353,Aditi Chopra,aditi.chopra70@example.com,New,4999.49,INR,FAILED,network_timeout,Debit Card,1,2,COMPLETED,NONE,5,2,4240.0,2026-08-01 17:34:12,49,0.515,NO,CREATE_ESCALATION,0
TX1421,CUST0321,Suresh Patel,suresh.patel31@example.com,Standard,2499.31,INR,FAILED,insufficient_funds,Net Banking,6,2,COMPLETED,NONE,7,0,13862.88,2026-07-30 05:57:20,45,0.3475,NO,SEND_PAYMENT_REMINDER,0
TX1422,CUST0185,Rohan Mehta,rohan.mehta18@example.com,Enterprise,39999.39,INR,FAILED,processor_error,Credit Card,39,1,COMPLETED,CHURN_RISK,11,0,382567.66,2026-07-30 17:00:38,45,0.7313,YES,RETRY_SUBSCRIPTION,0
TX1423,CUST0360,Suresh Choudhury,suresh.choudhury59@example.com,Standard,3499.96,INR,ABANDONED,checkout_dropoff,UPI,8,3,PAYMENT_PAGE_DROPOFF,NONE,0,0,6741.38,2026-08-03 13:49:14,27,0.6641,YES,SEND_CHECKOUT_REMINDER,1
TX1424,CUST0132,Meera Mehta,meera.mehta70@example.com,Standard,7999.36,INR,FAILED,issuer_down,UPI,11,4,COMPLETED,CHURN_RISK,1,1,23906.84,2026-07-28 00:39:52,17,0.935,YES,RETRY_SUBSCRIPTION,1
TX1425,CUST0283,Amit Agarwal,amit.agarwal57@example.com,New,999.25,INR,ABANDONED,checkout_dropoff,UPI,1,0,OTP_DROPOFF,NONE,0,0,4914.17,2026-07-28 08:49:21,14,0.705,YES,SEND_CHECKOUT_REMINDER,1
TX1426,CUST0257,Shweta Chopra,shweta.chopra22@example.com,New,3499.32,INR,FAILED,fraud_blocked,UPI,2,0,COMPLETED,NONE,6,1,2452.87,2026-07-31 18:25:12,63,0.01,NO,STOP_RECOVERY,0
TX1427,CUST0112,Amit Joshi,amit.joshi51@example.com,Standard,2499.32,INR,FAILED,webhook_drop,Wallet,12,4,COMPLETED,NONE,7,0,13784.61,2026-08-07 00:09:01,13,0.8175,YES,RETRY_PAYMENT,1
TX1428,CUST0442,Tanvi Joshi,tanvi.joshi95@example.com,New,1499.96,INR,FAILED,webhook_drop,UPI,2,1,COMPLETED,NONE,1,2,890.32,2026-08-14 02:51:19,31,0.635,NO,CREATE_ESCALATION,0
TX1429,CUST0394,Siddharth Saxena,siddharth.saxena92@example.com,VIP,39999.95,INR,ABANDONED,checkout_dropoff,UPI,11,0,OTP_DROPOFF,NONE,0,0,59092.36,2026-08-02 10:49:01,38,0.785,YES,SEND_CHECKOUT_REMINDER,1
TX1430,CUST0135,Nisha Gupta,nisha.gupta33@example.com,Enterprise,14999.21,INR,FAILED,issuer_down,Credit Card,27,3,COMPLETED,CHURN_RISK,14,0,156072.92,2026-08-11 14:32:42,34,0.71,YES,RETRY_SUBSCRIPTION,1
TX1431,CUST0203,Pooja Deshmukh,pooja.deshmukh65@example.com,New,3499.45,INR,FAILED,card_expired,UPI,2,1,COMPLETED,ACTIVE_RENEWAL_DUE,1,1,3682.89,2026-08-03 05:05:23,58,0.195,NO,SEND_PAYMENT_REMINDER,0
TX1432,CUST0340,Priya Singh,priya.singh27@example.com,New,7999.61,INR,FAILED,insufficient_funds,UPI,1,1,COMPLETED,PAST_DUE,10,1,1364.02,2026-08-14 19:29:10,56,0.3,NO,RETRY_SUBSCRIPTION,0
TX1433,CUST0176,Nisha Reddy,nisha.reddy88@example.com,VIP,49999.3,INR,FAILED,account_closed,UPI,12,0,COMPLETED,NONE,5,2,246787.2,2026-08-18 01:36:40,99,0.01,NO,CREATE_ESCALATION,0
TX1434,CUST0247,Siddharth Choudhury,siddharth.choudhury85@example.com,Standard,3499.23,INR,FAILED,webhook_drop,Credit Card,2,2,COMPLETED,NONE,2,0,34042.04,2026-08-03 08:49:14,10,0.92,YES,RETRY_PAYMENT,1
TX1435,CUST0324,Vikram Patel,vikram.patel82@example.com,Enterprise,4999.16,INR,FAILED,authentication_failed,UPI,55,3,COMPLETED,NONE,4,1,285581.23,2026-08-22 20:15:04,16,0.8472,YES,SEND_PAYMENT_REMINDER,0
TX1436,CUST0349,Rohan Singh,rohan.singh21@example.com,Standard,499.31,INR,FAILED,webhook_drop,Debit Card,10,1,COMPLETED,NONE,1,2,38241.87,2026-07-28 08:00:53,35,0.6214,NO,CREATE_ESCALATION,0
TX1437,CUST0304,Shweta Bansal,shweta.bansal57@example.com,Enterprise,4999.23,INR,FAILED,fraud_blocked,Net Banking,21,2,COMPLETED,NONE,1,0,438149.37,2026-08-17 09:37:40,57,0.142,NO,STOP_RECOVERY,0
TX1438,CUST0408,Meera Reddy,meera.reddy67@example.com,Standard,1499.82,INR,ABANDONED,checkout_dropoff,UPI,6,0,OTP_DROPOFF,NONE,0,0,20453.95,2026-08-19 20:59:38,21,0.705,YES,SEND_CHECKOUT_REMINDER,0
TX1439,CUST0212,Kavita Malhotra,kavita.malhotra99@example.com,Standard,1499.44,INR,FAILED,network_timeout,UPI,8,4,COMPLETED,NONE,0,0,18231.65,2026-07-31 22:17:24,10,0.975,YES,RETRY_PAYMENT,1
TX1440,CUST0227,Deepak Agarwal,deepak.agarwal90@example.com,VIP,4999.36,INR,ABANDONED,checkout_dropoff,Wallet,24,1,PAYMENT_PAGE_DROPOFF,NONE,0,0,207565.61,2026-08-22 01:22:16,17,0.729,YES,SEND_CHECKOUT_REMINDER,0
TX1441,CUST0411,Karan Roy,karan.roy27@example.com,Standard,7999.93,INR,ABANDONED,checkout_dropoff,UPI,10,0,OTP_DROPOFF,NONE,0,0,6812.13,2026-08-17 20:34:58,24,0.705,YES,SEND_CHECKOUT_REMINDER,1
TX1442,CUST0259,Siddharth Verma,siddharth.verma77@example.com,Standard,7999.68,INR,FAILED,processor_error,Credit Card,7,3,COMPLETED,NONE,3,2,10822.79,2026-08-16 16:37:23,55,0.47,NO,CREATE_ESCALATION,0
TX1443,CUST0255,Rajesh Patel,rajesh.patel50@example.com,New,999.29,INR,FAILED,processor_error,UPI,2,2,COMPLETED,ACTIVE_RENEWAL_DUE,8,1,2210.04,2026-08-20 08:31:43,27,0.69,YES,RETRY_SUBSCRIPTION,1
TX1444,CUST0142,Kavita Choudhury,kavita.choudhury75@example.com,New,2499.73,INR,SUCCESS,none,Debit Card,2,0,COMPLETED,ACTIVE_RENEWAL_DUE,0,0,755.96,2026-08-23 21:20:09,18,0.99,NO,NO_ACTION,0
TX1445,CUST0152,Tanvi Reddy,tanvi.reddy42@example.com,Standard,3499.07,INR,FAILED,network_timeout,Debit Card,5,2,COMPLETED,NONE,5,0,25216.36,2026-08-16 15:05:10,10,0.9321,YES,RETRY_PAYMENT,1
TX1446,CUST0328,Aditi Bhatia,aditi.bhatia21@example.com,New,2499.2,INR,FAILED,insufficient_funds,Debit Card,0,2,COMPLETED,NONE,1,0,4389.13,2026-07-30 18:09:56,45,0.375,YES,SEND_PAYMENT_REMINDER,0
TX1447,CUST0167,Pooja Joshi,pooja.joshi65@example.com,New,7999.93,INR,FAILED,webhook_drop,Debit Card,0,1,COMPLETED,NONE,2,0,699.74,2026-08-16 05:55:17,21,0.845,YES,RETRY_PAYMENT,1
TX1448,CUST0313,Priya Saxena,priya.saxena60@example.com,Standard,2499.94,INR,FAILED,card_expired,UPI,12,2,COMPLETED,ACTIVE_RENEWAL_DUE,1,2,6816.69,2026-08-07 11:29:42,76,0.01,NO,CREATE_ESCALATION,0
TX1449,CUST0202,Shweta Bhatia,shweta.bhatia72@example.com,VIP,2499.4,INR,FAILED,account_closed,UPI,31,0,COMPLETED,NONE,4,0,219915.13,2026-08-21 05:29:50,53,0.225,NO,STOP_RECOVERY,0
TX1450,CUST0370,Rahul Patel,rahul.patel33@example.com,Standard,2499.82,INR,FAILED,webhook_drop,UPI,3,3,COMPLETED,NONE,3,1,29098.13,2026-08-23 06:34:16,10,0.97,YES,RETRY_PAYMENT,1
TX1451,CUST0167,Pooja Joshi,pooja.joshi65@example.com,New,999.99,INR,FAILED,issuer_down,UPI,0,1,COMPLETED,NONE,3,0,699.74,2026-08-01 20:56:07,10,0.825,YES,RETRY_PAYMENT,0
TX1452,CUST0221,Vikram Mehta,vikram.mehta25@example.com,New,1499.58,INR,ABANDONED,checkout_dropoff,Credit Card,1,0,ABANDONED_CART,NONE,0,0,4972.63,2026-08-22 21:27:19,17,0.655,YES,SEND_CHECKOUT_REMINDER,1
TX1453,CUST0266,Varun Chopra,varun.chopra94@example.com,New,999.71,INR,ABANDONED,checkout_dropoff,Wallet,1,0,OTP_DROPOFF,NONE,0,0,4900.75,2026-08-07 14:25:06,22,0.655,YES,SEND_CHECKOUT_REMINDER,1
TX1454,CUST0386,Vikram Roy,vikram.roy71@example.com,New,999.47,INR,FAILED,processor_error,UPI,0,1,COMPLETED,NONE,0,0,2291.72,2026-08-05 15:50:24,12,0.775,YES,RETRY_PAYMENT,1
TX1455,CUST0290,Sneha Iyer,sneha.iyer18@example.com,VIP,2499.57,INR,FAILED,account_closed,UPI,36,2,COMPLETED,NONE,7,2,72729.86,2026-08-22 10:34:54,68,0.01,NO,CREATE_ESCALATION,0
TX1456,CUST0322,Rohan Choudhury,rohan.choudhury54@example.com,Standard,499.97,INR,FAILED,fraud_blocked,UPI,10,4,COMPLETED,NONE,4,1,12756.15,2026-07-30 04:18:19,64,0.0821,NO,STOP_RECOVERY,0
TX1457,CUST0236,Shweta Gupta,shweta.gupta46@example.com,New,999.31,INR,SUCCESS,none,Credit Card,1,1,COMPLETED,NONE,0,0,3621.53,2026-08-08 17:56:14,19,0.99,NO,NO_ACTION,0
TX1458,CUST0128,Alok Reddy,alok.reddy76@example.com,Standard,999.04,INR,FAILED,velocity_limit_exceeded,UPI,8,2,COMPLETED,NONE,7,0,22524.0,2026-07-28 07:28:03,41,0.255,NO,STOP_RECOVERY,0
TX1459,CUST0388,Rajesh Patel,rajesh.patel80@example.com,Standard,7999.71,INR,FAILED,account_closed,Credit Card,12,4,COMPLETED,NONE,5,0,18780.59,2026-08-10 11:07:51,69,0.0575,NO,STOP_RECOVERY,0
TX1460,CUST0240,Alok Bansal,alok.bansal80@example.com,Standard,999.58,INR,SUCCESS,none,Credit Card,14,0,COMPLETED,NONE,0,0,13142.33,2026-08-15 13:38:18,18,0.99,NO,NO_ACTION,0
TX1461,CUST0140,Ritu Malhotra,ritu.malhotra37@example.com,Standard,499.88,INR,FAILED,network_timeout,UPI,9,1,COMPLETED,NONE,1,0,12595.91,2026-08-10 14:49:08,10,0.99,YES,RETRY_PAYMENT,1
TX1462,CUST0142,Kavita Choudhury,kavita.choudhury75@example.com,New,2499.45,INR,SUCCESS,none,Credit Card,2,0,COMPLETED,NONE,0,0,755.96,2026-08-16 21:43:40,15,0.99,NO,NO_ACTION,0
TX1463,CUST0123,Vikram Bhatia,vikram.bhatia86@example.com,New,1499.94,INR,SUCCESS,none,Credit Card,2,2,COMPLETED,NONE,0,0,4633.22,2026-08-24 04:49:27,11,0.99,NO,NO_ACTION,0
TX1464,CUST0125,Manish Saxena,manish.saxena18@example.com,New,7999.05,INR,FAILED,issuer_down,Debit Card,0,2,COMPLETED,NONE,6,0,2686.96,2026-08-04 03:54:21,34,0.655,YES,RETRY_PAYMENT,0
TX1465,CUST0146,Ananya Iyer,ananya.iyer19@example.com,Standard,2499.77,INR,FAILED,processor_error,UPI,12,2,COMPLETED,NONE,2,0,23288.98,2026-08-01 22:05:58,11,0.9036,YES,RETRY_PAYMENT,0
TX1466,CUST0409,Alok Malhotra,alok.malhotra22@example.com,Standard,7999.36,INR,FAILED,authentication_failed,UPI,11,4,COMPLETED,NONE,7,2,9752.44,2026-08-15 15:21:13,66,0.235,NO,CREATE_ESCALATION,0
TX1467,CUST0317,Rohan Joshi,rohan.joshi19@example.com,New,2499.62,INR,FAILED,insufficient_funds,Debit Card,0,1,COMPLETED,NONE,5,3,584.34,2026-08-14 02:09:50,79,0.01,NO,CREATE_ESCALATION,0
TX1468,CUST0354,Amit Roy,amit.roy29@example.com,VIP,2499.29,INR,FAILED,fraud_blocked,Credit Card,15,0,COMPLETED,NONE,7,0,101184.79,2026-08-15 02:10:53,65,0.015,NO,STOP_RECOVERY,0
TX1469,CUST0252,Vikram Choudhury,vikram.choudhury66@example.com,New,499.51,INR,FAILED,authentication_failed,Credit Card,1,0,COMPLETED,NONE,6,0,4433.86,2026-08-12 04:53:42,27,0.605,YES,SEND_PAYMENT_REMINDER,1
TX1470,CUST0400,Arjun Mehta,arjun.mehta40@example.com,New,499.73,INR,FAILED,processor_error,UPI,2,2,COMPLETED,NONE,2,2,977.83,2026-08-10 18:39:33,44,0.49,NO,CREATE_ESCALATION,0
TX1471,CUST0401,Amit Gupta,amit.gupta47@example.com,Standard,2499.62,INR,FAILED,authentication_failed,Debit Card,5,1,COMPLETED,NONE,2,0,8872.47,2026-08-18 09:28:27,18,0.7,YES,SEND_PAYMENT_REMINDER,1
TX1472,CUST0323,Neha Mehta,neha.mehta87@example.com,Enterprise,2499.01,INR,ABANDONED,checkout_dropoff,Credit Card,24,2,PAYMENT_PAGE_DROPOFF,NONE,0,0,178908.72,2026-07-26 20:23:20,21,0.7235,YES,SEND_CHECKOUT_REMINDER,0
TX1473,CUST0409,Alok Malhotra,alok.malhotra22@example.com,Standard,7999.96,INR,FAILED,issuer_down,Debit Card,11,4,COMPLETED,NONE,6,2,9752.44,2026-08-04 18:11:42,50,0.405,NO,CREATE_ESCALATION,0
TX1474,CUST0109,Alok Chopra,alok.chopra68@example.com,New,499.21,INR,ABANDONED,checkout_dropoff,Credit Card,0,0,OTP_DROPOFF,NONE,0,0,2210.57,2026-08-01 07:41:54,27,0.505,YES,SEND_CHECKOUT_REMINDER,0
TX1475,CUST0376,Alok Bhatia,alok.bhatia96@example.com,Standard,2499.15,INR,FAILED,insufficient_funds,UPI,11,0,COMPLETED,NONE,1,0,29203.79,2026-08-04 16:50:24,27,0.575,YES,SEND_PAYMENT_REMINDER,1
TX1476,CUST0111,Preeti Patel,preeti.patel30@example.com,Standard,999.29,INR,FAILED,insufficient_funds,Net Banking,4,4,COMPLETED,PAST_DUE,1,0,34165.07,2026-08-13 05:32:31,35,0.45,YES,RETRY_SUBSCRIPTION,0
TX1477,CUST0313,Priya Saxena,priya.saxena60@example.com,Standard,3499.72,INR,SUCCESS,none,Debit Card,12,2,COMPLETED,NONE,0,0,6816.69,2026-08-17 18:52:32,20,0.99,NO,NO_ACTION,0
TX1478,CUST0305,Pooja Iyer,pooja.iyer89@example.com,Standard,3499.93,INR,SUCCESS,none,Credit Card,14,3,COMPLETED,ACTIVE_RENEWAL_DUE,0,0,38806.21,2026-08-13 09:43:38,12,0.99,NO,NO_ACTION,0
TX1479,CUST0132,Meera Mehta,meera.mehta70@example.com,Standard,1499.55,INR,FAILED,authentication_failed,Credit Card,11,4,COMPLETED,NONE,6,2,23906.84,2026-08-08 08:01:20,63,0.205,NO,CREATE_ESCALATION,0
TX1480,CUST0324,Vikram Patel,vikram.patel82@example.com,Enterprise,4999.46,INR,FAILED,authentication_failed,UPI,55,3,COMPLETED,NONE,3,1,285581.23,2026-08-04 07:32:49,23,0.8472,YES,SEND_PAYMENT_REMINDER,1
TX1481,CUST0340,Priya Singh,priya.singh27@example.com,New,4999.39,INR,FAILED,account_closed,UPI,1,1,COMPLETED,NONE,5,1,1364.02,2026-08-04 11:25:22,68,0.07,NO,STOP_RECOVERY,0
TX1482,CUST0145,Shweta Saxena,shweta.saxena50@example.com,Standard,999.15,INR,FAILED,issuer_down,Credit Card,7,2,COMPLETED,NONE,6,2,13170.37,2026-07-30 13:07:43,43,0.4117,NO,CREATE_ESCALATION,0
TX1483,CUST0110,Rajesh Bhatia,rajesh.bhatia99@example.com,Enterprise,39999.16,INR,FAILED,issuer_down,UPI,37,1,COMPLETED,CHURN_RISK,1,1,368070.07,2026-08-03 11:57:39,34,0.99,YES,RETRY_SUBSCRIPTION,1
TX1484,CUST0162,Ananya Reddy,ananya.reddy39@example.com,New,1499.78,INR,FAILED,insufficient_funds,Credit Card,1,1,COMPLETED,CHURN_RISK,5,1,1873.36,2026-08-10 06:21:44,41,0.45,YES,RETRY_SUBSCRIPTION,0
TX1485,CUST0325,Alok Saxena,alok.saxena90@example.com,Standard,7999.11,INR,FAILED,network_timeout,Debit Card,11,4,COMPLETED,NONE,1,2,17928.33,2026-08-24 13:17:06,41,0.575,NO,CREATE_ESCALATION,0
TX1486,CUST0206,Gaurav Patel,gaurav.patel82@example.com,Standard,1499.7,INR,FAILED,card_expired,Net Banking,9,1,COMPLETED,PAST_DUE,12,1,35019.05,2026-07-31 09:14:33,67,0.01,NO,SEND_PAYMENT_REMINDER,0
TX1487,CUST0171,Siddharth Joshi,siddharth.joshi95@example.com,Standard,2499.76,INR,FAILED,network_timeout,UPI,10,1,COMPLETED,NONE,7,0,12673.6,2026-08-01 17:32:24,10,0.8714,YES,RETRY_PAYMENT,1
TX1488,CUST0313,Priya Saxena,priya.saxena60@example.com,Standard,999.75,INR,FAILED,processor_error,UPI,12,2,COMPLETED,NONE,3,0,6816.69,2026-08-15 14:58:32,10,0.9036,YES,RETRY_PAYMENT,0
TX1489,CUST0365,Aditi Chopra,aditi.chopra49@example.com,Enterprise,2499.44,INR,FAILED,insufficient_funds,Debit Card,27,0,COMPLETED,CHURN_RISK,13,0,226238.33,2026-08-06 12:39:24,38,0.345,NO,RETRY_SUBSCRIPTION,0
TX1490,CUST0185,Rohan Mehta,rohan.mehta18@example.com,Enterprise,2499.65,INR,ABANDONED,checkout_dropoff,UPI,39,1,OTP_DROPOFF,NONE,0,0,382567.66,2026-08-07 11:19:51,11,0.7812,YES,SEND_CHECKOUT_REMINDER,1
TX1491,CUST0439,Meera Choudhury,meera.choudhury34@example.com,Standard,2499.4,INR,ABANDONED,checkout_dropoff,Net Banking,4,4,OTP_DROPOFF,NONE,0,0,23720.83,2026-08-24 20:29:42,31,0.58,YES,SEND_CHECKOUT_REMINDER,0
TX1492,CUST0261,Simran Joshi,simran.joshi28@example.com,Standard,1499.89,INR,ABANDONED,checkout_dropoff,Net Banking,5,3,ABANDONED_CART,NONE,0,0,41513.16,2026-07-26 21:52:07,27,0.5988,YES,SEND_CHECKOUT_REMINDER,1
TX1493,CUST0206,Gaurav Patel,gaurav.patel82@example.com,Standard,3499.65,INR,ABANDONED,checkout_dropoff,Net Banking,9,1,OTP_DROPOFF,NONE,0,0,35019.05,2026-08-14 09:43:05,24,0.64,YES,SEND_CHECKOUT_REMINDER,1
TX1494,CUST0255,Rajesh Patel,rajesh.patel50@example.com,New,2499.72,INR,ABANDONED,checkout_dropoff,UPI,2,2,ABANDONED_CART,NONE,0,0,2210.04,2026-08-11 19:07:52,25,0.63,YES,SEND_CHECKOUT_REMINDER,1
TX1495,CUST0210,Deepak Bansal,deepak.bansal21@example.com,Standard,3499.34,INR,ABANDONED,checkout_dropoff,UPI,9,3,ABANDONED_CART,NONE,0,0,36717.31,2026-08-12 05:27:54,19,0.6675,YES,SEND_CHECKOUT_REMINDER,0
TX1496,CUST0404,Kavita Chopra,kavita.chopra40@example.com,Standard,1499.72,INR,SUCCESS,none,UPI,3,3,COMPLETED,NONE,0,0,25217.78,2026-08-20 15:23:02,6,0.99,NO,NO_ACTION,0
TX1497,CUST0291,Kavita Agarwal,kavita.agarwal74@example.com,New,499.05,INR,ABANDONED,checkout_dropoff,UPI,2,2,ABANDONED_CART,NONE,0,0,990.74,2026-08-10 21:34:43,22,0.63,YES,SEND_CHECKOUT_REMINDER,1
TX1498,CUST0103,Ananya Choudhury,ananya.choudhury99@example.com,Standard,7999.74,INR,FAILED,insufficient_funds,Credit Card,10,1,COMPLETED,NONE,3,0,33640.78,2026-08-25 03:54:13,39,0.5114,YES,SEND_PAYMENT_REMINDER,1
TX1499,CUST0294,Rohan Patel,rohan.patel89@example.com,Standard,1499.51,INR,FAILED,processor_error,Credit Card,4,0,COMPLETED,NONE,5,0,10047.66,2026-08-03 02:28:30,12,0.875,YES,RETRY_PAYMENT,1
TX1500,CUST0132,Meera Mehta,meera.mehta70@example.com,Standard,999.44,INR,FAILED,processor_error,UPI,11,4,COMPLETED,NONE,6,1,23906.84,2026-07-30 13:49:29,24,0.765,YES,RETRY_PAYMENT,1
TX1501,CUST0426,Siddharth Bansal,siddharth.bansal83@example.com,Standard,2499.72,INR,FAILED,insufficient_funds,UPI,14,2,COMPLETED,NONE,2,0,16511.58,2026-08-08 21:02:12,29,0.5563,YES,SEND_PAYMENT_REMINDER,0
TX1502,CUST0363,Meera Kapoor,meera.kapoor99@example.com,New,999.45,INR,FAILED,network_timeout,Net Banking,0,2,COMPLETED,NONE,2,2,2590.8,2026-07-30 05:10:51,44,0.465,NO,CREATE_ESCALATION,0
TX1503,CUST0162,Ananya Reddy,ananya.reddy39@example.com,New,3499.15,INR,FAILED,issuer_down,UPI,1,1,COMPLETED,NONE,5,0,1873.36,2026-08-04 08:41:03,10,0.9,YES,RETRY_PAYMENT,1
TX1504,CUST0125,Manish Saxena,manish.saxena18@example.com,New,1499.21,INR,FAILED,issuer_down,Net Banking,0,2,COMPLETED,PAST_DUE,1,0,2686.96,2026-08-04 19:53:50,10,0.775,YES,RETRY_SUBSCRIPTION,1
TX1505,CUST0347,Gaurav Reddy,gaurav.reddy71@example.com,New,1499.77,INR,FAILED,processor_error,Credit Card,0,1,COMPLETED,NONE,2,1,734.81,2026-08-12 15:31:45,25,0.725,YES,RETRY_PAYMENT,1
TX1506,CUST0177,Simran Patel,simran.patel99@example.com,Standard,7999.62,INR,ABANDONED,checkout_dropoff,Net Banking,12,4,PAYMENT_PAGE_DROPOFF,NONE,0,0,12777.41,2026-08-05 10:20:05,29,0.6175,YES,SEND_CHECKOUT_REMINDER,1
TX1507,CUST0377,Amit Bhatia,amit.bhatia77@example.com,Standard,2499.73,INR,ABANDONED,checkout_dropoff,UPI,14,0,ABANDONED_CART,NONE,0,0,27956.87,2026-08-15 18:53:55,22,0.705,YES,SEND_CHECKOUT_REMINDER,1
TX1508,CUST0259,Siddharth Verma,siddharth.verma77@example.com,Standard,3499.08,INR,SUCCESS,none,Credit Card,7,3,COMPLETED,NONE,0,0,10822.79,2026-07-30 09:18:07,11,0.99,NO,NO_ACTION,0
TX1509,CUST0344,Divya Bhatia,divya.bhatia67@example.com,Standard,4999.93,INR,FAILED,insufficient_funds,Credit Card,5,3,COMPLETED,NONE,0,0,29423.82,2026-07-27 05:37:02,41,0.4688,YES,SEND_PAYMENT_REMINDER,0
TX1510,CUST0144,Pooja Saxena,pooja.saxena63@example.com,Enterprise,14999.58,INR,FAILED,network_timeout,Debit Card,53,0,COMPLETED,NONE,0,0,347752.6,2026-08-13 21:06:52,22,0.99,YES,RETRY_PAYMENT,1
TX1511,CUST0232,Ritu Kapoor,ritu.kapoor96@example.com,Standard,3499.17,INR,FAILED,processor_error,UPI,2,0,COMPLETED,NONE,4,1,14156.98,2026-08-25 01:37:30,15,0.925,YES,RETRY_PAYMENT,1
TX1512,CUST0267,Arjun Iyer,arjun.iyer46@example.com,VIP,8999.39,INR,FAILED,network_timeout,UPI,13,2,COMPLETED,NONE,6,2,199034.43,2026-08-17 01:45:20,40,0.605,NO,CREATE_ESCALATION,0
TX1513,CUST0406,Shweta Bansal,shweta.bansal43@example.com,Standard,7999.5,INR,SUCCESS,none,Credit Card,2,0,COMPLETED,ACTIVE_RENEWAL_DUE,0,0,22237.11,2026-08-10 11:07:27,6,0.99,NO,NO_ACTION,0
TX1514,CUST0263,Manish Chopra,manish.chopra54@example.com,Standard,2499.03,INR,ABANDONED,checkout_dropoff,Credit Card,4,0,ABANDONED_CART,NONE,0,0,22669.19,2026-08-07 21:16:27,21,0.655,YES,SEND_CHECKOUT_REMINDER,0
TX1515,CUST0446,Amit Chopra,amit.chopra91@example.com,Enterprise,39999.78,INR,FAILED,account_closed,UPI,58,2,COMPLETED,NONE,6,0,376116.15,2026-08-18 13:31:24,86,0.1,NO,STOP_RECOVERY,0
TX1516,CUST0377,Amit Bhatia,amit.bhatia77@example.com,Standard,3499.94,INR,SUCCESS,none,Wallet,14,0,COMPLETED,ACTIVE_RENEWAL_DUE,0,0,27956.87,2026-08-19 03:14:10,6,0.99,NO,NO_ACTION,0
TX1517,CUST0101,Rajesh Gupta,rajesh.gupta23@example.com,VIP,24999.29,INR,SUCCESS,none,Debit Card,27,0,COMPLETED,NONE,0,0,94642.15,2026-08-24 12:10:53,6,0.99,NO,NO_ACTION,0
TX1518,CUST0347,Gaurav Reddy,gaurav.reddy71@example.com,New,4999.38,INR,FAILED,network_timeout,UPI,0,1,COMPLETED,NONE,3,1,734.81,2026-08-03 04:49:09,15,0.875,YES,RETRY_PAYMENT,1
TX1519,CUST0136,Rahul Agarwal,rahul.agarwal80@example.com,Enterprise,2499.82,INR,ABANDONED,checkout_dropoff,UPI,19,3,PAYMENT_PAGE_DROPOFF,NONE,0,0,423208.9,2026-08-07 12:47:55,20,0.7645,YES,SEND_CHECKOUT_REMINDER,1
TX1520,CUST0359,Shweta Patel,shweta.patel79@example.com,Standard,4999.94,INR,ABANDONED,checkout_dropoff,Wallet,7,0,OTP_DROPOFF,NONE,0,0,43136.15,2026-08-05 05:21:28,26,0.655,YES,SEND_CHECKOUT_REMINDER,1
TX1521,CUST0265,Karan Joshi,karan.joshi55@example.com,New,3499.33,INR,SUCCESS,none,UPI,0,0,COMPLETED,NONE,0,0,2216.14,2026-08-09 11:14:05,5,0.975,NO,NO_ACTION,0
TX1522,CUST0412,Deepak Kapoor,deepak.kapoor75@example.com,New,4999.17,INR,FAILED,insufficient_funds,Credit Card,2,1,COMPLETED,NONE,7,1,1170.23,2026-08-22 17:13:10,52,0.335,NO,SEND_PAYMENT_REMINDER,0
TX1523,CUST0444,Rahul Joshi,rahul.joshi83@example.com,Enterprise,49999.37,INR,ABANDONED,checkout_dropoff,UPI,32,2,PAYMENT_PAGE_DROPOFF,NONE,0,0,220778.34,2026-07-30 09:02:18,40,0.7762,YES,SEND_CHECKOUT_REMINDER,1
TX1524,CUST0105,Alok Singh,alok.singh53@example.com,Standard,999.44,INR,FAILED,insufficient_funds,UPI,7,2,COMPLETED,NONE,0,1,11219.18,2026-08-06 18:55:30,32,0.5417,YES,SEND_PAYMENT_REMINDER,1
TX1525,CUST0415,Priya Bansal,priya.bansal63@example.com,New,999.23,INR,FAILED,insufficient_funds,Credit Card,1,1,COMPLETED,NONE,5,0,3532.13,2026-08-19 22:14:15,36,0.45,YES,SEND_PAYMENT_REMINDER,1
TX1526,CUST0201,Simran Roy,simran.roy64@example.com,New,499.86,INR,FAILED,insufficient_funds,Wallet,2,0,COMPLETED,NONE,7,0,2062.42,2026-08-14 19:51:11,38,0.385,YES,SEND_PAYMENT_REMINDER,0
TX1527,CUST0390,Gaurav Gupta,gaurav.gupta38@example.com,Standard,4999.06,INR,FAILED,fraud_blocked,UPI,6,1,COMPLETED,NONE,3,2,11478.68,2026-08-13 07:39:27,72,0.01,NO,CREATE_ESCALATION,0
TX1528,CUST0448,Vikram Agarwal,vikram.agarwal80@example.com,Standard,3499.87,INR,FAILED,card_expired,Credit Card,11,2,COMPLETED,NONE,6,1,21633.82,2026-08-03 06:16:56,69,0.0519,NO,SEND_PAYMENT_REMINDER,0
TX1529,CUST0309,Arjun Deshmukh,arjun.deshmukh51@example.com,Standard,2499.49,INR,FAILED,webhook_drop,UPI,4,2,COMPLETED,NONE,0,2,17465.49,2026-08-16 01:54:14,39,0.635,NO,CREATE_ESCALATION,0
TX1530,CUST0262,Ananya Agarwal,ananya.agarwal69@example.com,Standard,499.87,INR,FAILED,processor_error,UPI,9,2,COMPLETED,CHURN_RISK,4,2,31673.63,2026-08-01 12:17:49,42,0.5377,NO,CREATE_ESCALATION,0
TX1531,CUST0201,Simran Roy,simran.roy64@example.com,New,4999.62,INR,FAILED,insufficient_funds,UPI,2,0,COMPLETED,NONE,6,2,2062.42,2026-08-04 23:57:33,74,0.095,NO,CREATE_ESCALATION,0
TX1532,CUST0227,Deepak Agarwal,deepak.agarwal90@example.com,VIP,8999.82,INR,FAILED,insufficient_funds,UPI,24,1,COMPLETED,CHURN_RISK,13,0,207565.61,2026-08-02 19:47:52,50,0.389,YES,RETRY_SUBSCRIPTION,0
TX1533,CUST0149,Priya Singh,priya.singh93@example.com,Standard,499.96,INR,SUCCESS,none,Credit Card,10,2,COMPLETED,ACTIVE_RENEWAL_DUE,0,0,29467.11,2026-08-13 01:00:43,15,0.99,NO,NO_ACTION,0
TX1534,CUST0134,Amit Verma,amit.verma53@example.com,Standard,7999.44,INR,FAILED,authentication_failed,Debit Card,12,0,COMPLETED,NONE,6,0,7424.51,2026-07-28 12:49:14,28,0.605,YES,SEND_PAYMENT_REMINDER,0
TX1535,CUST0306,Tanvi Malhotra,tanvi.malhotra99@example.com,VIP,4999.86,INR,FAILED,processor_error,UPI,27,0,COMPLETED,CHURN_RISK,1,0,86083.21,2026-08-18 05:35:34,10,0.99,YES,RETRY_SUBSCRIPTION,1
TX1536,CUST0418,Varun Bansal,varun.bansal97@example.com,Enterprise,39999.78,INR,FAILED,network_timeout,UPI,55,3,COMPLETED,NONE,5,1,159110.28,2026-08-15 04:50:33,36,0.99,YES,RETRY_PAYMENT,1
TX1537,CUST0200,Rohan Saxena,rohan.saxena48@example.com,Standard,3499.25,INR,FAILED,network_timeout,Net Banking,12,1,COMPLETED,NONE,7,0,9076.05,2026-07-30 10:53:09,10,0.8235,YES,RETRY_PAYMENT,1
TX1538,CUST0324,Vikram Patel,vikram.patel82@example.com,Enterprise,8999.31,INR,FAILED,issuer_down,Credit Card,55,3,COMPLETED,ACTIVE_RENEWAL_DUE,3,0,285581.23,2026-08-15 05:24:24,10,0.99,YES,RETRY_SUBSCRIPTION,1
TX1539,CUST0366,Suresh Joshi,suresh.joshi92@example.com,New,499.24,INR,FAILED,issuer_down,Credit Card,2,1,COMPLETED,CHURN_RISK,14,0,1639.91,2026-08-16 00:33:19,21,0.595,YES,RETRY_SUBSCRIPTION,1
TX1540,CUST0204,Sneha Choudhury,sneha.choudhury78@example.com,New,4999.47,INR,ABANDONED,checkout_dropoff,Debit Card,1,2,PAYMENT_PAGE_DROPOFF,NONE,0,0,4136.9,2026-08-05 22:05:47,33,0.555,YES,SEND_CHECKOUT_REMINDER,1
TX1541,CUST0397,Kavita Nair,kavita.nair19@example.com,New,1499.41,INR,FAILED,velocity_limit_exceeded,Credit Card,2,1,COMPLETED,NONE,7,2,1838.45,2026-08-05 17:51:17,68,0.01,NO,CREATE_ESCALATION,0
TX1542,CUST0215,Rahul Saxena,rahul.saxena22@example.com,New,999.24,INR,ABANDONED,checkout_dropoff,Credit Card,2,2,PAYMENT_PAGE_DROPOFF,NONE,0,0,1773.49,2026-08-09 16:05:08,29,0.58,YES,SEND_CHECKOUT_REMINDER,1
TX1543,CUST0305,Pooja Iyer,pooja.iyer89@example.com,Standard,1499.01,INR,FAILED,insufficient_funds,UPI,14,3,COMPLETED,NONE,1,0,38806.21,2026-08-25 08:53:29,29,0.5485,YES,SEND_PAYMENT_REMINDER,0
TX1544,CUST0123,Vikram Bhatia,vikram.bhatia86@example.com,New,1499.17,INR,FAILED,card_expired,Wallet,2,2,COMPLETED,CHURN_RISK,3,0,4633.22,2026-08-01 15:32:51,51,0.12,NO,SEND_PAYMENT_REMINDER,0
TX1545,CUST0235,Rajesh Bansal,rajesh.bansal51@example.com,New,4999.14,INR,ABANDONED,checkout_dropoff,Net Banking,1,1,ABANDONED_CART,NONE,0,0,2337.57,2026-07-27 07:17:40,29,0.58,YES,SEND_CHECKOUT_REMINDER,1
TX1546,CUST0334,Shweta Roy,shweta.roy81@example.com,VIP,39999.17,INR,FAILED,issuer_down,UPI,31,0,COMPLETED,NONE,6,2,115938.15,2026-08-19 23:00:37,69,0.575,NO,CREATE_ESCALATION,0
TX1547,CUST0198,Ritu Gupta,ritu.gupta13@example.com,New,1499.31,INR,FAILED,account_closed,UPI,0,1,COMPLETED,NONE,3,2,986.44,2026-08-07 00:28:47,74,0.01,NO,CREATE_ESCALATION,0
TX1548,CUST0177,Simran Patel,simran.patel99@example.com,Standard,7999.28,INR,FAILED,processor_error,UPI,12,4,COMPLETED,NONE,7,0,12777.41,2026-07-28 06:31:32,27,0.7475,YES,RETRY_PAYMENT,1
TX1549,CUST0186,Divya Deshmukh,divya.deshmukh63@example.com,Standard,4999.74,INR,FAILED,authentication_failed,Credit Card,9,3,COMPLETED,NONE,7,0,7490.63,2026-08-18 05:07:15,35,0.5475,YES,SEND_PAYMENT_REMINDER,0
TX1550,CUST0354,Amit Roy,amit.roy29@example.com,VIP,39999.91,INR,FAILED,velocity_limit_exceeded,Credit Card,15,0,COMPLETED,NONE,0,0,101184.79,2026-08-13 02:38:01,66,0.455,YES,STOP_RECOVERY,1
TX1551,CUST0257,Shweta Chopra,shweta.chopra22@example.com,New,999.93,INR,FAILED,processor_error,UPI,2,0,COMPLETED,NONE,1,0,2452.87,2026-08-06 23:40:44,10,0.925,YES,RETRY_PAYMENT,1
TX1552,CUST0122,Preeti Gupta,preeti.gupta35@example.com,New,2499.45,INR,FAILED,processor_error,Credit Card,1,2,COMPLETED,NONE,5,2,2784.48,2026-08-14 07:23:23,43,0.415,NO,CREATE_ESCALATION,0
TX1553,CUST0236,Shweta Gupta,shweta.gupta46@example.com,New,499.29,INR,FAILED,card_expired,Credit Card,1,1,COMPLETED,NONE,1,1,3621.53,2026-08-06 10:43:34,54,0.12,NO,SEND_PAYMENT_REMINDER,0
TX1554,CUST0380,Deepak Agarwal,deepak.agarwal72@example.com,Enterprise,8999.25,INR,ABANDONED,checkout_dropoff,UPI,54,2,OTP_DROPOFF,NONE,0,0,377592.26,2026-08-01 13:45:52,27,0.7796,YES,SEND_CHECKOUT_REMINDER,1
TX1555,CUST0410,Arjun Bhatia,arjun.bhatia28@example.com,New,7999.71,INR,FAILED,webhook_drop,Wallet,1,2,COMPLETED,NONE,4,0,4725.27,2026-08-25 15:01:51,18,0.895,YES,RETRY_PAYMENT,1
TX1556,CUST0308,Varun Joshi,varun.joshi37@example.com,VIP,2499.47,INR,FAILED,insufficient_funds,Debit Card,11,0,COMPLETED,NONE,2,2,199222.35,2026-08-18 09:47:58,60,0.245,NO,CREATE_ESCALATION,0
TX1557,CUST0365,Aditi Chopra,aditi.chopra49@example.com,Enterprise,14999.72,INR,FAILED,insufficient_funds,Credit Card,27,0,COMPLETED,NONE,1,0,226238.33,2026-08-12 06:03:43,40,0.605,YES,SEND_PAYMENT_REMINDER,1
TX1558,CUST0386,Vikram Roy,vikram.roy71@example.com,New,7999.13,INR,SUCCESS,none,UPI,0,1,COMPLETED,NONE,0,0,2291.72,2026-07-30 20:13:24,20,0.975,NO,NO_ACTION,0
TX1559,CUST0438,Manish Verma,manish.verma92@example.com,VIP,14999.42,INR,FAILED,insufficient_funds,Debit Card,16,1,COMPLETED,CHURN_RISK,9,0,106912.33,2026-08-05 20:51:04,53,0.4162,YES,RETRY_SUBSCRIPTION,1
TX1560,CUST0172,Arjun Singh,arjun.singh10@example.com,Standard,1499.56,INR,FAILED,processor_error,UPI,6,3,COMPLETED,CHURN_RISK,10,1,26917.49,2026-08-24 06:04:41,23,0.675,YES,RETRY_SUBSCRIPTION,1
TX1561,CUST0374,Rohan Joshi,rohan.joshi28@example.com,Standard,1499.56,INR,FAILED,authentication_failed,UPI,14,1,COMPLETED,NONE,4,0,43111.58,2026-08-09 22:01:08,12,0.765,YES,SEND_PAYMENT_REMINDER,0
TX1562,CUST0409,Alok Malhotra,alok.malhotra22@example.com,Standard,499.9,INR,FAILED,network_timeout,Credit Card,11,4,COMPLETED,NONE,3,0,9752.44,2026-08-01 06:35:51,10,0.935,YES,RETRY_PAYMENT,1
TX1563,CUST0106,Pooja Patel,pooja.patel15@example.com,Standard,2499.39,INR,SUCCESS,none,UPI,7,2,COMPLETED,NONE,0,0,29149.04,2026-08-21 11:10:06,18,0.99,NO,NO_ACTION,0
TX1564,CUST0345,Ananya Malhotra,ananya.malhotra83@example.com,Enterprise,49999.2,INR,FAILED,processor_error,Debit Card,45,1,COMPLETED,PAST_DUE,7,1,247136.38,2026-08-07 08:15:14,42,0.8117,YES,RETRY_SUBSCRIPTION,1
TX1565,CUST0259,Siddharth Verma,siddharth.verma77@example.com,Standard,4999.45,INR,FAILED,account_closed,Credit Card,7,3,COMPLETED,NONE,2,0,10822.79,2026-08-10 17:57:40,63,0.05,NO,STOP_RECOVERY,0
TX1566,CUST0352,Preeti Gupta,preeti.gupta27@example.com,New,4999.09,INR,ABANDONED,checkout_dropoff,Credit Card,2,1,PAYMENT_PAGE_DROPOFF,NONE,0,0,4061.21,2026-08-12 22:59:41,28,0.605,YES,SEND_CHECKOUT_REMINDER,0
TX1567,CUST0253,Pooja Choudhury,pooja.choudhury93@example.com,New,7999.17,INR,FAILED,account_closed,UPI,0,2,COMPLETED,NONE,6,0,1148.7,2026-08-20 09:02:54,70,0.01,NO,STOP_RECOVERY,0
TX1568,CUST0123,Vikram Bhatia,vikram.bhatia86@example.com,New,1499.87,INR,FAILED,account_closed,UPI,2,2,COMPLETED,NONE,1,1,4633.22,2026-08-21 18:58:03,66,0.07,NO,STOP_RECOVERY,0
TX1569,CUST0384,Sneha Bhatia,sneha.bhatia40@example.com,Standard,7999.1,INR,FAILED,issuer_down,UPI,3,1,COMPLETED,PAST_DUE,7,0,36682.63,2026-08-06 17:39:58,18,0.7975,YES,RETRY_SUBSCRIPTION,1
TX1570,CUST0114,Karan Saxena,karan.saxena60@example.com,New,4999.46,INR,FAILED,network_timeout,UPI,1,0,COMPLETED,NONE,6,2,3449.47,2026-08-16 12:12:32,40,0.545,NO,CREATE_ESCALATION,0
TX1571,CUST0170,Simran Gupta,simran.gupta62@example.com,Standard,2499.46,INR,FAILED,processor_error,UPI,6,4,COMPLETED,NONE,3,1,17371.39,2026-08-18 03:13:33,19,0.865,YES,RETRY_PAYMENT,1
TX1572,CUST0188,Neha Chopra,neha.chopra79@example.com,New,999.29,INR,FAILED,network_timeout,Debit Card,1,2,COMPLETED,NONE,6,0,3863.82,2026-08-13 21:12:39,17,0.755,YES,RETRY_PAYMENT,1
TX1573,CUST0284,Meera Bhatia,meera.bhatia68@example.com,VIP,39999.53,INR,FAILED,card_expired,UPI,27,0,COMPLETED,NONE,0,2,243641.38,2026-08-17 02:33:21,98,0.01,NO,CREATE_ESCALATION,0
TX1574,CUST0127,Sneha Iyer,sneha.iyer79@example.com,Standard,2499.76,INR,SUCCESS,none,Credit Card,11,3,COMPLETED,ACTIVE_RENEWAL_DUE,0,0,43574.52,2026-07-28 03:13:04,12,0.99,NO,NO_ACTION,0
TX1575,CUST0203,Pooja Deshmukh,pooja.deshmukh65@example.com,New,499.33,INR,FAILED,account_closed,UPI,2,1,COMPLETED,NONE,1,0,3682.89,2026-08-08 07:47:26,57,0.095,NO,STOP_RECOVERY,0
TX1576,CUST0363,Meera Kapoor,meera.kapoor99@example.com,New,3499.62,INR,ABANDONED,checkout_dropoff,UPI,0,2,OTP_DROPOFF,NONE,0,0,2590.8,2026-08-05 11:43:15,29,0.555,YES,SEND_CHECKOUT_REMINDER,1
TX1577,CUST0219,Amit Kapoor,amit.kapoor71@example.com,Enterprise,4999.01,INR,ABANDONED,checkout_dropoff,UPI,18,2,ABANDONED_CART,NONE,0,0,476425.44,2026-08-06 08:54:50,18,0.77,YES,SEND_CHECKOUT_REMINDER,1
TX1578,CUST0134,Amit Verma,amit.verma53@example.com,Standard,3499.37,INR,FAILED,velocity_limit_exceeded,Credit Card,12,0,COMPLETED,NONE,3,0,7424.51,2026-08-04 00:40:07,46,0.375,YES,STOP_RECOVERY,1
TX1579,CUST0375,Simran Roy,simran.roy40@example.com,Standard,3499.17,INR,SUCCESS,none,Debit Card,9,0,COMPLETED,ACTIVE_RENEWAL_DUE,0,0,10049.2,2026-08-23 08:10:49,17,0.99,NO,NO_ACTION,0
TX1580,CUST0448,Vikram Agarwal,vikram.agarwal80@example.com,Standard,999.33,INR,ABANDONED,checkout_dropoff,Net Banking,11,2,OTP_DROPOFF,NONE,0,0,21633.82,2026-08-18 19:35:30,21,0.6319,YES,SEND_CHECKOUT_REMINDER,0
TX1581,CUST0347,Gaurav Reddy,gaurav.reddy71@example.com,New,3499.44,INR,FAILED,network_timeout,UPI,0,1,COMPLETED,NONE,3,0,734.81,2026-07-27 04:53:10,10,0.875,YES,RETRY_PAYMENT,1
TX1582,CUST0164,Alok Iyer,alok.iyer78@example.com,Standard,7999.24,INR,FAILED,issuer_down,UPI,10,3,COMPLETED,NONE,2,0,32180.72,2026-08-17 19:28:36,11,0.9404,YES,RETRY_PAYMENT,1
TX1583,CUST0222,Meera Deshmukh,meera.deshmukh76@example.com,Standard,2499.73,INR,FAILED,card_expired,Net Banking,14,4,COMPLETED,NONE,4,0,14027.49,2026-08-13 14:47:36,53,0.1617,NO,SEND_PAYMENT_REMINDER,0
TX1584,CUST0432,Pooja Deshmukh,pooja.deshmukh27@example.com,Standard,999.84,INR,FAILED,insufficient_funds,Debit Card,9,0,COMPLETED,NONE,3,0,32247.68,2026-08-18 04:34:33,34,0.525,YES,SEND_PAYMENT_REMINDER,0
TX1585,CUST0214,Pooja Malhotra,pooja.malhotra71@example.com,New,1499.18,INR,ABANDONED,checkout_dropoff,Credit Card,2,0,ABANDONED_CART,NONE,0,0,1361.93,2026-08-07 02:50:56,26,0.655,YES,SEND_CHECKOUT_REMINDER,1
TX1586,CUST0199,Preeti Chopra,preeti.chopra35@example.com,Standard,999.12,INR,FAILED,insufficient_funds,UPI,8,3,COMPLETED,NONE,3,0,42658.82,2026-08-25 10:25:41,28,0.5341,YES,SEND_PAYMENT_REMINDER,1
TX1587,CUST0202,Shweta Bhatia,shweta.bhatia72@example.com,VIP,4999.3,INR,FAILED,card_expired,UPI,31,0,COMPLETED,NONE,3,0,219915.13,2026-07-31 23:12:45,51,0.325,NO,SEND_PAYMENT_REMINDER,0
TX1588,CUST0294,Rohan Patel,rohan.patel89@example.com,Standard,3499.6,INR,FAILED,card_expired,UPI,4,0,COMPLETED,NONE,2,2,10047.66,2026-08-08 21:58:11,76,0.01,NO,CREATE_ESCALATION,0
TX1589,CUST0143,Rohan Singh,rohan.singh61@example.com,VIP,24999.53,INR,FAILED,processor_error,Debit Card,14,2,COMPLETED,NONE,2,0,222363.84,2026-08-23 07:40:57,31,0.9363,YES,RETRY_PAYMENT,1
TX1590,CUST0347,Gaurav Reddy,gaurav.reddy71@example.com,New,2499.19,INR,SUCCESS,none,UPI,0,1,COMPLETED,NONE,0,0,734.81,2026-07-30 18:34:18,5,0.975,NO,NO_ACTION,0
TX1591,CUST0357,Gaurav Bansal,gaurav.bansal28@example.com,Standard,2499.92,INR,SUCCESS,none,Debit Card,2,4,COMPLETED,ACTIVE_RENEWAL_DUE,0,0,28001.9,2026-08-06 21:38:41,17,0.975,NO,NO_ACTION,0
TX1592,CUST0351,Suresh Bhatia,suresh.bhatia50@example.com,Enterprise,2499.4,INR,FAILED,issuer_down,UPI,20,2,COMPLETED,NONE,1,0,189815.5,2026-08-25 07:11:42,10,0.99,YES,RETRY_PAYMENT,1
TX1593,CUST0279,Vikram Verma,vikram.verma40@example.com,New,4999.36,INR,FAILED,account_closed,Credit Card,1,1,COMPLETED,NONE,6,2,1022.54,2026-08-10 07:59:12,75,0.01,NO,CREATE_ESCALATION,0
TX1594,CUST0286,Ananya Mehta,ananya.mehta80@example.com,New,4999.66,INR,FAILED,issuer_down,Credit Card,0,0,COMPLETED,NONE,7,2,4234.18,2026-08-15 23:12:20,60,0.275,NO,CREATE_ESCALATION,0
TX1595,CUST0183,Gaurav Iyer,gaurav.iyer45@example.com,New,4999.7,INR,FAILED,processor_error,UPI,2,1,COMPLETED,NONE,1,0,3320.37,2026-08-18 19:16:45,10,0.875,YES,RETRY_PAYMENT,1
TX1596,CUST0255,Rajesh Patel,rajesh.patel50@example.com,New,2499.58,INR,ABANDONED,checkout_dropoff,Credit Card,2,2,OTP_DROPOFF,NONE,0,0,2210.04,2026-08-11 16:05:02,31,0.58,YES,SEND_CHECKOUT_REMINDER,1
TX1597,CUST0394,Siddharth Saxena,siddharth.saxena92@example.com,VIP,4999.27,INR,FAILED,issuer_down,Debit Card,11,0,COMPLETED,NONE,6,1,59092.36,2026-08-06 00:08:31,21,0.885,YES,RETRY_PAYMENT,1
TX1598,CUST0136,Rahul Agarwal,rahul.agarwal80@example.com,Enterprise,14999.65,INR,ABANDONED,checkout_dropoff,Debit Card,19,3,ABANDONED_CART,NONE,0,0,423208.9,2026-08-08 05:01:25,31,0.7145,YES,SEND_CHECKOUT_REMINDER,1
TX1599,CUST0169,Karan Bhatia,karan.bhatia94@example.com,Standard,499.45,INR,FAILED,card_expired,UPI,12,2,COMPLETED,ACTIVE_RENEWAL_DUE,4,0,29926.22,2026-08-01 03:12:28,50,0.2236,NO,SEND_PAYMENT_REMINDER,0
TX1600,CUST0310,Alok Saxena,alok.saxena89@example.com,Standard,499.86,INR,FAILED,network_timeout,UPI,2,1,COMPLETED,NONE,4,0,11296.4,2026-08-23 01:31:07,10,0.975,YES,RETRY_PAYMENT,1
TX1601,CUST0345,Ananya Malhotra,ananya.malhotra83@example.com,Enterprise,2499.06,INR,FAILED,insufficient_funds,Credit Card,45,1,COMPLETED,ACTIVE_RENEWAL_DUE,11,0,247136.38,2026-08-18 11:45:48,36,0.3817,YES,RETRY_SUBSCRIPTION,0
TX1602,CUST0104,Meera Deshmukh,meera.deshmukh10@example.com,Enterprise,49999.26,INR,FAILED,insufficient_funds,UPI,52,2,COMPLETED,NONE,5,1,423772.18,2026-08-11 06:37:57,59,0.6494,YES,SEND_PAYMENT_REMINDER,0
TX1603,CUST0223,Arjun Agarwal,arjun.agarwal49@example.com,New,2499.6,INR,SUCCESS,none,Net Banking,1,2,COMPLETED,ACTIVE_RENEWAL_DUE,0,0,4955.14,2026-08-15 15:02:08,8,0.975,NO,NO_ACTION,0
TX1604,CUST0102,Shweta Malhotra,shweta.malhotra37@example.com,VIP,39999.83,INR,SUCCESS,none,Credit Card,37,0,COMPLETED,NONE,0,0,55959.44,2026-08-16 14:57:40,8,0.99,NO,NO_ACTION,0
TX1605,CUST0372,Amit Roy,amit.roy15@example.com,Standard,7999.25,INR,FAILED,network_timeout,UPI,4,3,COMPLETED,NONE,7,0,19061.88,2026-08-16 15:38:59,25,0.8207,YES,RETRY_PAYMENT,0
TX1606,CUST0265,Karan Joshi,karan.joshi55@example.com,New,499.96,INR,ABANDONED,checkout_dropoff,UPI,0,0,OTP_DROPOFF,NONE,0,0,2216.14,2026-08-06 11:31:38,26,0.555,YES,SEND_CHECKOUT_REMINDER,0
TX1607,CUST0305,Pooja Iyer,pooja.iyer89@example.com,Standard,1499.42,INR,SUCCESS,none,Debit Card,14,3,COMPLETED,ACTIVE_RENEWAL_DUE,0,0,38806.21,2026-08-19 11:49:50,8,0.99,NO,NO_ACTION,0
TX1608,CUST0298,Divya Kapoor,divya.kapoor50@example.com,New,999.86,INR,FAILED,processor_error,UPI,1,1,COMPLETED,CHURN_RISK,9,0,3783.26,2026-08-01 12:38:04,23,0.67,YES,RETRY_SUBSCRIPTION,1
TX1609,CUST0445,Aarav Iyer,aarav.iyer25@example.com,Standard,2499.17,INR,FAILED,issuer_down,Wallet,13,1,COMPLETED,NONE,1,0,7484.97,2026-08-25 06:58:38,10,0.9143,YES,RETRY_PAYMENT,1
TX1610,CUST0438,Manish Verma,manish.verma92@example.com,VIP,39999.03,INR,SUCCESS,none,Credit Card,16,1,COMPLETED,ACTIVE_RENEWAL_DUE,0,0,106912.33,2026-07-29 20:07:02,17,0.99,NO,NO_ACTION,0
TX1611,CUST0244,Gaurav Mehta,gaurav.mehta44@example.com,Standard,2499.94,INR,ABANDONED,checkout_dropoff,UPI,13,2,OTP_DROPOFF,NONE,0,0,25354.88,2026-08-03 09:40:18,18,0.685,YES,SEND_CHECKOUT_REMINDER,1
TX1612,CUST0352,Preeti Gupta,preeti.gupta27@example.com,New,7999.22,INR,FAILED,insufficient_funds,UPI,2,1,COMPLETED,NONE,1,1,4061.21,2026-08-16 10:15:50,45,0.525,YES,SEND_PAYMENT_REMINDER,0
TX1613,CUST0435,Preeti Patel,preeti.patel14@example.com,Standard,7999.43,INR,FAILED,network_timeout,Credit Card,5,4,COMPLETED,NONE,4,0,34547.46,2026-08-12 12:44:49,13,0.9083,YES,RETRY_PAYMENT,1
TX1614,CUST0197,Varun Reddy,varun.reddy87@example.com,Standard,1499.13,INR,FAILED,network_timeout,Debit Card,6,2,COMPLETED,NONE,6,1,11711.57,2026-07-30 03:46:32,18,0.8175,YES,RETRY_PAYMENT,1
TX1615,CUST0299,Divya Kapoor,divya.kapoor70@example.com,Standard,1499.79,INR,SUCCESS,none,Wallet,7,1,COMPLETED,NONE,0,0,32472.84,2026-08-05 06:19:19,12,0.99,NO,NO_ACTION,0
TX1616,CUST0155,Deepak Deshmukh,deepak.deshmukh98@example.com,Standard,2499.31,INR,FAILED,processor_error,UPI,3,0,COMPLETED,PAST_DUE,14,0,42802.04,2026-08-11 19:45:00,20,0.645,YES,RETRY_SUBSCRIPTION,1
TX1617,CUST0441,Aarav Kapoor,aarav.kapoor32@example.com,New,499.59,INR,FAILED,velocity_limit_exceeded,Debit Card,2,2,COMPLETED,NONE,1,0,3907.77,2026-08-20 12:09:36,43,0.3,NO,STOP_RECOVERY,0
TX1618,CUST0250,Varun Joshi,varun.joshi70@example.com,Enterprise,49999.33,INR,FAILED,card_expired,Debit Card,41,0,COMPLETED,ACTIVE_RENEWAL_DUE,14,1,227270.53,2026-08-06 23:24:33,96,0.01,NO,SEND_PAYMENT_REMINDER,0
TX1619,CUST0192,Varun Sharma,varun.sharma33@example.com,VIP,8999.97,INR,ABANDONED,checkout_dropoff,Net Banking,37,0,ABANDONED_CART,NONE,0,0,223370.27,2026-08-17 11:54:14,31,0.735,YES,SEND_CHECKOUT_REMINDER,1
TX1620,CUST0273,Ritu Kapoor,ritu.kapoor38@example.com,New,1499.75,INR,FAILED,velocity_limit_exceeded,UPI,1,0,COMPLETED,NONE,4,0,1133.41,2026-08-09 21:02:33,32,0.425,YES,STOP_RECOVERY,1
TX1621,CUST0398,Deepak Verma,deepak.verma53@example.com,Enterprise,39999.3,INR,ABANDONED,checkout_dropoff,Net Banking,41,3,OTP_DROPOFF,NONE,0,0,285776.86,2026-07-28 07:08:52,42,0.7248,YES,SEND_CHECKOUT_REMINDER,1
TX1622,CUST0250,Varun Joshi,varun.joshi70@example.com,Enterprise,49999.74,INR,ABANDONED,checkout_dropoff,Net Banking,41,0,ABANDONED_CART,NONE,0,0,227270.53,2026-08-01 23:12:39,44,0.735,YES,SEND_CHECKOUT_REMINDER,0
TX1623,CUST0153,Manish Verma,manish.verma52@example.com,VIP,4999.37,INR,SUCCESS,none,Credit Card,37,1,COMPLETED,NONE,0,0,58817.35,2026-08-25 07:53:16,6,0.99,NO,NO_ACTION,0
TX1624,CUST0150,Suresh Sharma,suresh.sharma23@example.com,Standard,499.12,INR,FAILED,velocity_limit_exceeded,UPI,10,2,COMPLETED,NONE,5,1,42270.24,2026-08-09 21:22:11,39,0.4,YES,STOP_RECOVERY,1
TX1625,CUST0304,Shweta Bansal,shweta.bansal57@example.com,Enterprise,4999.65,INR,FAILED,velocity_limit_exceeded,Credit Card,21,2,COMPLETED,NONE,1,1,438149.37,2026-08-16 07:31:39,42,0.442,YES,STOP_RECOVERY,0
TX1626,CUST0289,Pooja Sharma,pooja.sharma12@example.com,VIP,2499.48,INR,ABANDONED,checkout_dropoff,UPI,32,0,OTP_DROPOFF,NONE,0,0,167770.58,2026-07-30 04:09:03,13,0.785,YES,SEND_CHECKOUT_REMINDER,1
TX1627,CUST0394,Siddharth Saxena,siddharth.saxena92@example.com,VIP,2499.79,INR,FAILED,webhook_drop,Credit Card,11,0,COMPLETED,NONE,7,3,59092.36,2026-08-16 11:39:42,55,0.395,NO,CREATE_ESCALATION,0
TX1628,CUST0133,Nisha Deshmukh,nisha.deshmukh62@example.com,Enterprise,24999.18,INR,FAILED,processor_error,Debit Card,21,3,COMPLETED,ACTIVE_RENEWAL_DUE,7,0,241719.03,2026-08-21 12:58:14,37,0.7963,YES,RETRY_SUBSCRIPTION,0
TX1629,CUST0376,Alok Bhatia,alok.bhatia96@example.com,Standard,499.75,INR,FAILED,issuer_down,Debit Card,11,0,COMPLETED,NONE,1,0,29203.79,2026-08-19 09:01:40,10,0.925,YES,RETRY_PAYMENT,1
TX1630,CUST0261,Simran Joshi,simran.joshi28@example.com,Standard,999.65,INR,FAILED,network_timeout,UPI,5,3,COMPLETED,NONE,4,2,41513.16,2026-07-30 12:55:36,34,0.6088,NO,CREATE_ESCALATION,0
TX1631,CUST0379,Ritu Singh,ritu.singh43@example.com,Standard,4999.0,INR,FAILED,authentication_failed,UPI,8,4,COMPLETED,NONE,4,1,9710.44,2026-08-24 23:41:36,27,0.725,YES,SEND_PAYMENT_REMINDER,1
TX1632,CUST0281,Meera Deshmukh,meera.deshmukh93@example.com,Standard,4999.1,INR,FAILED,issuer_down,Credit Card,13,1,COMPLETED,ACTIVE_RENEWAL_DUE,1,0,40416.55,2026-08-10 23:48:15,14,0.9143,YES,RETRY_SUBSCRIPTION,1
TX1633,CUST0169,Karan Bhatia,karan.bhatia94@example.com,Standard,1499.27,INR,ABANDONED,checkout_dropoff,Credit Card,12,2,PAYMENT_PAGE_DROPOFF,NONE,0,0,29926.22,2026-08-02 03:43:40,19,0.6336,YES,SEND_CHECKOUT_REMINDER,1
TX1634,CUST0296,Priya Agarwal,priya.agarwal24@example.com,Standard,2499.08,INR,FAILED,issuer_down,Credit Card,8,0,COMPLETED,NONE,6,2,36723.84,2026-07-31 13:46:08,42,0.445,NO,CREATE_ESCALATION,0
TX1635,CUST0425,Ananya Chopra,ananya.chopra72@example.com,New,1499.56,INR,ABANDONED,checkout_dropoff,Credit Card,2,0,OTP_DROPOFF,NONE,0,0,3606.08,2026-08-01 10:52:15,23,0.655,YES,SEND_CHECKOUT_REMINDER,1
TX1636,CUST0179,Alok Deshmukh,alok.deshmukh41@example.com,Enterprise,14999.03,INR,ABANDONED,checkout_dropoff,UPI,59,3,ABANDONED_CART,NONE,0,0,120087.35,2026-08-19 07:23:01,29,0.7777,YES,SEND_CHECKOUT_REMINDER,1
TX1637,CUST0381,Karan Gupta,karan.gupta66@example.com,VIP,2499.36,INR,FAILED,fraud_blocked,UPI,14,1,COMPLETED,NONE,4,0,84531.27,2026-08-05 13:18:59,46,0.195,NO,STOP_RECOVERY,0
TX1638,CUST0214,Pooja Malhotra,pooja.malhotra71@example.com,New,499.17,INR,ABANDONED,checkout_dropoff,UPI,2,0,PAYMENT_PAGE_DROPOFF,NONE,0,0,1361.93,2026-07-29 19:46:52,19,0.705,YES,SEND_CHECKOUT_REMINDER,0
TX1639,CUST0149,Priya Singh,priya.singh93@example.com,Standard,7999.28,INR,FAILED,processor_error,Credit Card,10,2,COMPLETED,NONE,1,2,29467.11,2026-08-16 16:30:25,47,0.49,NO,CREATE_ESCALATION,0
TX1640,CUST0448,Vikram Agarwal,vikram.agarwal80@example.com,Standard,3499.87,INR,FAILED,insufficient_funds,Wallet,11,2,COMPLETED,NONE,2,0,21633.82,2026-08-11 14:59:25,30,0.5019,YES,SEND_PAYMENT_REMINDER,1
TX1641,CUST0294,Rohan Patel,rohan.patel89@example.com,Standard,4999.63,INR,FAILED,processor_error,Credit Card,4,0,COMPLETED,NONE,3,1,10047.66,2026-08-03 16:41:07,15,0.875,YES,RETRY_PAYMENT,0
TX1642,CUST0340,Priya Singh,priya.singh27@example.com,New,2499.52,INR,ABANDONED,checkout_dropoff,Credit Card,1,1,ABANDONED_CART,NONE,0,0,1364.02,2026-08-03 22:46:18,26,0.58,YES,SEND_CHECKOUT_REMINDER,0
TX1643,CUST0257,Shweta Chopra,shweta.chopra22@example.com,New,499.63,INR,FAILED,network_timeout,UPI,2,0,COMPLETED,NONE,3,2,2452.87,2026-08-05 01:20:59,26,0.665,NO,CREATE_ESCALATION,0
TX1644,CUST0353,Aditi Chopra,aditi.chopra70@example.com,New,2499.67,INR,SUCCESS,none,Debit Card,1,2,COMPLETED,NONE,0,0,4240.0,2026-07-26 23:52:45,20,0.975,NO,NO_ACTION,0
TX1645,CUST0355,Meera Roy,meera.roy25@example.com,Standard,3499.69,INR,FAILED,velocity_limit_exceeded,Credit Card,3,2,COMPLETED,NONE,3,2,14505.61,2026-08-25 14:42:23,75,0.01,NO,CREATE_ESCALATION,0
TX1646,CUST0226,Amit Roy,amit.roy46@example.com,Standard,7999.99,INR,SUCCESS,none,Wallet,2,1,COMPLETED,NONE,0,0,16524.2,2026-08-15 12:13:28,19,0.99,NO,NO_ACTION,0
TX1647,CUST0187,Arjun Saxena,arjun.saxena10@example.com,New,3499.89,INR,FAILED,network_timeout,Credit Card,0,2,COMPLETED,NONE,5,2,2211.71,2026-08-22 03:10:09,45,0.465,NO,CREATE_ESCALATION,0
TX1648,CUST0292,Ananya Roy,ananya.roy13@example.com,VIP,39999.25,INR,FAILED,webhook_drop,Wallet,43,1,COMPLETED,NONE,1,0,141608.5,2026-08-05 19:30:33,27,0.99,YES,RETRY_PAYMENT,1
TX1649,CUST0392,Rahul Mehta,rahul.mehta92@example.com,Standard,4999.51,INR,FAILED,insufficient_funds,UPI,11,4,COMPLETED,PAST_DUE,10,1,8737.14,2026-08-23 08:46:47,49,0.335,NO,RETRY_SUBSCRIPTION,0
TX1650,CUST0269,Rahul Mehta,rahul.mehta66@example.com,Standard,1499.88,INR,FAILED,issuer_down,UPI,12,0,COMPLETED,NONE,5,0,17357.32,2026-07-29 21:20:14,10,0.975,YES,RETRY_PAYMENT,1
TX1651,CUST0179,Alok Deshmukh,alok.deshmukh41@example.com,Enterprise,2499.15,INR,ABANDONED,checkout_dropoff,UPI,59,3,ABANDONED_CART,NONE,0,0,120087.35,2026-08-23 01:37:03,16,0.7777,YES,SEND_CHECKOUT_REMINDER,1
TX1652,CUST0287,Karan Saxena,karan.saxena86@example.com,Enterprise,49999.27,INR,SUCCESS,none,UPI,29,2,COMPLETED,ACTIVE_RENEWAL_DUE,0,0,409747.43,2026-08-01 03:21:01,10,0.99,NO,NO_ACTION,0
TX1653,CUST0172,Arjun Singh,arjun.singh10@example.com,Standard,1499.87,INR,ABANDONED,checkout_dropoff,UPI,6,3,ABANDONED_CART,NONE,0,0,26917.49,2026-08-08 16:37:49,19,0.655,YES,SEND_CHECKOUT_REMINDER,1
TX1654,CUST0303,Priya Roy,priya.roy29@example.com,Standard,499.16,INR,FAILED,card_expired,UPI,3,4,COMPLETED,NONE,7,3,25296.5,2026-08-05 14:39:10,74,0.01,NO,CREATE_ESCALATION,0
TX1655,CUST0166,Aditi Gupta,aditi.gupta75@example.com,Standard,2499.5,INR,SUCCESS,none,UPI,7,2,COMPLETED,ACTIVE_RENEWAL_DUE,0,0,22455.76,2026-08-18 14:32:31,9,0.99,NO,NO_ACTION,0
TX1656,CUST0157,Divya Mehta,divya.mehta36@example.com,VIP,4999.15,INR,FAILED,velocity_limit_exceeded,Wallet,33,0,COMPLETED,NONE,3,0,229784.93,2026-08-19 10:55:57,43,0.455,YES,STOP_RECOVERY,0
TX1657,CUST0323,Neha Mehta,neha.mehta87@example.com,Enterprise,2499.75,INR,FAILED,webhook_drop,Credit Card,24,2,COMPLETED,NONE,2,1,178908.72,2026-08-04 03:22:48,11,0.99,YES,RETRY_PAYMENT,1
TX1658,CUST0227,Deepak Agarwal,deepak.agarwal90@example.com,VIP,14999.7,INR,FAILED,card_expired,Credit Card,24,1,COMPLETED,CHURN_RISK,12,0,207565.61,2026-08-08 13:10:25,73,0.029,NO,SEND_PAYMENT_REMINDER,0
TX1659,CUST0423,Sneha Agarwal,sneha.agarwal97@example.com,New,999.4,INR,FAILED,authentication_failed,Credit Card,1,2,COMPLETED,NONE,3,2,2094.29,2026-08-02 13:20:08,52,0.265,NO,CREATE_ESCALATION,0
TX1660,CUST0295,Rajesh Saxena,rajesh.saxena77@example.com,Standard,4999.97,INR,FAILED,insufficient_funds,UPI,7,3,COMPLETED,NONE,6,0,44785.11,2026-08-04 20:49:13,36,0.41,YES,SEND_PAYMENT_REMINDER,1
TX1661,CUST0287,Karan Saxena,karan.saxena86@example.com,Enterprise,14999.24,INR,FAILED,issuer_down,UPI,29,2,COMPLETED,ACTIVE_RENEWAL_DUE,1,0,409747.43,2026-08-06 04:55:00,15,0.99,YES,RETRY_SUBSCRIPTION,1
TX1662,CUST0411,Karan Roy,karan.roy27@example.com,Standard,2499.36,INR,FAILED,issuer_down,UPI,10,0,COMPLETED,NONE,1,1,6812.13,2026-08-01 05:15:50,10,0.975,YES,RETRY_PAYMENT,1
TX1663,CUST0286,Ananya Mehta,ananya.mehta80@example.com,New,3499.37,INR,ABANDONED,checkout_dropoff,Debit Card,0,0,ABANDONED_CART,NONE,0,0,4234.18,2026-08-13 08:11:42,34,0.505,YES,SEND_CHECKOUT_REMINDER,1
TX1664,CUST0155,Deepak Deshmukh,deepak.deshmukh98@example.com,Standard,499.04,INR,SUCCESS,none,UPI,3,0,COMPLETED,NONE,0,0,42802.04,2026-08-17 22:50:31,11,0.99,NO,NO_ACTION,0
TX1665,CUST0329,Tanvi Roy,tanvi.roy15@example.com,Standard,3499.61,INR,FAILED,insufficient_funds,Net Banking,9,4,COMPLETED,NONE,7,3,27172.65,2026-07-28 22:05:33,75,0.01,NO,CREATE_ESCALATION,0
TX1666,CUST0315,Priya Kapoor,priya.kapoor26@example.com,VIP,49999.84,INR,SUCCESS,none,Credit Card,41,2,COMPLETED,ACTIVE_RENEWAL_DUE,0,0,136131.0,2026-08-03 05:59:51,16,0.99,NO,NO_ACTION,0
TX1667,CUST0330,Amit Saxena,amit.saxena29@example.com,Standard,2499.07,INR,FAILED,issuer_down,Credit Card,7,4,COMPLETED,NONE,0,0,24025.16,2026-07-30 04:43:40,10,0.8705,YES,RETRY_PAYMENT,0
TX1668,CUST0132,Meera Mehta,meera.mehta70@example.com,Standard,4999.81,INR,FAILED,velocity_limit_exceeded,Debit Card,11,4,COMPLETED,NONE,1,0,23906.84,2026-08-16 11:43:03,46,0.335,NO,STOP_RECOVERY,0
TX1669,CUST0411,Karan Roy,karan.roy27@example.com,Standard,999.57,INR,FAILED,velocity_limit_exceeded,UPI,10,0,COMPLETED,NONE,0,2,6812.13,2026-08-01 04:42:25,67,0.065,NO,CREATE_ESCALATION,0
TX1670,CUST0233,Gaurav Saxena,gaurav.saxena32@example.com,Standard,4999.27,INR,FAILED,network_timeout,UPI,2,2,COMPLETED,NONE,3,0,28049.88,2026-08-02 06:49:16,10,0.95,YES,RETRY_PAYMENT,1
TX1671,CUST0243,Rohan Nair,rohan.nair92@example.com,New,7999.05,INR,SUCCESS,none,Net Banking,0,1,COMPLETED,NONE,0,0,4761.77,2026-08-03 18:53:32,8,0.925,NO,NO_ACTION,0
TX1672,CUST0101,Rajesh Gupta,rajesh.gupta23@example.com,VIP,8999.32,INR,SUCCESS,none,Credit Card,27,0,COMPLETED,ACTIVE_RENEWAL_DUE,0,0,94642.15,2026-08-14 15:42:39,9,0.99,NO,NO_ACTION,0
TX1673,CUST0310,Alok Saxena,alok.saxena89@example.com,Standard,499.62,INR,FAILED,account_closed,Net Banking,2,1,COMPLETED,NONE,5,0,11296.4,2026-08-04 12:30:13,55,0.045,NO,STOP_RECOVERY,0
TX1674,CUST0437,Gaurav Joshi,gaurav.joshi47@example.com,New,7999.58,INR,ABANDONED,checkout_dropoff,Wallet,0,2,OTP_DROPOFF,NONE,0,0,4829.59,2026-08-19 00:28:23,38,0.505,YES,SEND_CHECKOUT_REMINDER,0
TX1675,CUST0421,Preeti Bansal,preeti.bansal27@example.com,New,7999.44,INR,FAILED,velocity_limit_exceeded,Credit Card,2,2,COMPLETED,NONE,3,1,780.27,2026-08-12 04:48:40,53,0.3,NO,STOP_RECOVERY,0
TX1676,CUST0323,Neha Mehta,neha.mehta87@example.com,Enterprise,2499.49,INR,FAILED,insufficient_funds,UPI,24,2,COMPLETED,NONE,2,0,178908.72,2026-08-22 17:44:24,21,0.6435,YES,SEND_PAYMENT_REMINDER,1
TX1677,CUST0259,Siddharth Verma,siddharth.verma77@example.com,Standard,2499.68,INR,FAILED,insufficient_funds,UPI,7,3,COMPLETED,NONE,2,0,10822.79,2026-08-01 00:08:52,35,0.53,YES,SEND_PAYMENT_REMINDER,1
TX1678,CUST0370,Rahul Patel,rahul.patel33@example.com,Standard,499.6,INR,FAILED,insufficient_funds,UPI,3,3,COMPLETED,NONE,0,0,29098.13,2026-08-18 04:29:56,34,0.5,YES,SEND_PAYMENT_REMINDER,1
TX1679,CUST0143,Rohan Singh,rohan.singh61@example.com,VIP,24999.01,INR,SUCCESS,none,UPI,14,2,COMPLETED,NONE,0,0,222363.84,2026-08-23 19:58:12,15,0.99,NO,NO_ACTION,0
TX1680,CUST0144,Pooja Saxena,pooja.saxena63@example.com,Enterprise,24999.88,INR,FAILED,card_expired,UPI,53,0,COMPLETED,PAST_DUE,6,0,347752.6,2026-08-10 02:05:07,73,0.205,NO,SEND_PAYMENT_REMINDER,0
TX1681,CUST0422,Suresh Reddy,suresh.reddy50@example.com,Standard,499.1,INR,FAILED,card_expired,Credit Card,12,3,COMPLETED,NONE,6,0,26019.09,2026-07-27 07:26:56,55,0.045,NO,SEND_PAYMENT_REMINDER,0
TX1682,CUST0281,Meera Deshmukh,meera.deshmukh93@example.com,Standard,4999.38,INR,FAILED,insufficient_funds,Credit Card,13,1,COMPLETED,ACTIVE_RENEWAL_DUE,8,0,40416.55,2026-08-02 10:48:57,41,0.3543,YES,RETRY_SUBSCRIPTION,0
TX1683,CUST0245,Divya Bansal,divya.bansal59@example.com,New,499.36,INR,SUCCESS,none,UPI,0,1,COMPLETED,NONE,0,0,2980.69,2026-08-14 03:28:51,6,0.975,NO,NO_ACTION,0
TX1684,CUST0410,Arjun Bhatia,arjun.bhatia28@example.com,New,1499.59,INR,ABANDONED,checkout_dropoff,UPI,1,2,ABANDONED_CART,NONE,0,0,4725.27,2026-08-08 12:47:29,29,0.605,YES,SEND_CHECKOUT_REMINDER,0
TX1685,CUST0420,Siddharth Deshmukh,siddharth.deshmukh88@example.com,Enterprise,2499.27,INR,FAILED,card_expired,Debit Card,59,1,COMPLETED,NONE,5,2,264150.96,2026-08-06 03:01:00,75,0.01,NO,CREATE_ESCALATION,0
TX1686,CUST0177,Simran Patel,simran.patel99@example.com,Standard,999.39,INR,ABANDONED,checkout_dropoff,Debit Card,12,4,PAYMENT_PAGE_DROPOFF,NONE,0,0,12777.41,2026-07-31 01:43:24,27,0.6175,YES,SEND_CHECKOUT_REMINDER,1
TX1687,CUST0319,Priya Gupta,priya.gupta89@example.com,Standard,499.32,INR,FAILED,processor_error,Wallet,7,1,COMPLETED,NONE,6,0,37052.89,2026-08-04 00:40:55,18,0.7363,YES,RETRY_PAYMENT,1
TX1688,CUST0426,Siddharth Bansal,siddharth.bansal83@example.com,Standard,4999.91,INR,FAILED,authentication_failed,UPI,14,2,COMPLETED,NONE,7,0,16511.58,2026-08-19 17:43:14,32,0.6163,YES,SEND_PAYMENT_REMINDER,1
TX1689,CUST0398,Deepak Verma,deepak.verma53@example.com,Enterprise,49999.69,INR,ABANDONED,checkout_dropoff,Debit Card,41,3,OTP_DROPOFF,NONE,0,0,285776.86,2026-08-11 11:34:49,42,0.7248,YES,SEND_CHECKOUT_REMINDER,1
TX1690,CUST0205,Alok Bansal,alok.bansal41@example.com,Standard,3499.47,INR,FAILED,issuer_down,Wallet,15,4,COMPLETED,NONE,1,0,15735.82,2026-07-27 04:31:50,10,0.8934,YES,RETRY_PAYMENT,1
TX1691,CUST0383,Manish Chopra,manish.chopra91@example.com,New,999.21,INR,FAILED,issuer_down,Wallet,2,2,COMPLETED,NONE,2,0,4672.96,2026-08-23 01:30:21,10,0.85,YES,RETRY_PAYMENT,1
TX1692,CUST0318,Simran Kapoor,simran.kapoor63@example.com,Standard,4999.58,INR,FAILED,network_timeout,UPI,11,3,COMPLETED,NONE,2,0,33379.96,2026-08-16 17:11:18,10,0.99,YES,RETRY_PAYMENT,1
TX1693,CUST0314,Tanvi Verma,tanvi.verma42@example.com,VIP,39999.14,INR,FAILED,velocity_limit_exceeded,UPI,29,0,COMPLETED,NONE,4,0,203469.91,2026-08-01 03:31:29,62,0.505,YES,STOP_RECOVERY,0
TX1694,CUST0247,Siddharth Choudhury,siddharth.choudhury85@example.com,Standard,4999.03,INR,FAILED,processor_error,UPI,2,2,COMPLETED,CHURN_RISK,3,0,34042.04,2026-07-28 11:22:47,16,0.85,YES,RETRY_SUBSCRIPTION,0
TX1695,CUST0384,Sneha Bhatia,sneha.bhatia40@example.com,Standard,3499.5,INR,ABANDONED,checkout_dropoff,Debit Card,3,1,PAYMENT_PAGE_DROPOFF,NONE,0,0,36682.63,2026-08-03 09:58:42,31,0.6175,YES,SEND_CHECKOUT_REMINDER,1
TX1696,CUST0148,Suresh Iyer,suresh.iyer57@example.com,VIP,4999.74,INR,FAILED,insufficient_funds,Credit Card,32,0,COMPLETED,NONE,0,0,225854.05,2026-08-25 00:17:10,34,0.605,YES,SEND_PAYMENT_REMINDER,0
TX1697,CUST0140,Ritu Malhotra,ritu.malhotra37@example.com,Standard,1499.65,INR,FAILED,velocity_limit_exceeded,Debit Card,9,1,COMPLETED,NONE,6,0,12595.91,2026-08-09 17:27:11,44,0.24,NO,STOP_RECOVERY,0
TX1698,CUST0140,Ritu Malhotra,ritu.malhotra37@example.com,Standard,1499.03,INR,FAILED,webhook_drop,UPI,9,1,COMPLETED,NONE,1,0,12595.91,2026-08-19 00:54:47,10,0.99,YES,RETRY_PAYMENT,1
TX1699,CUST0117,Suresh Bansal,suresh.bansal30@example.com,VIP,24999.56,INR,FAILED,webhook_drop,UPI,13,0,COMPLETED,NONE,7,0,80568.26,2026-07-29 05:24:27,25,0.985,YES,RETRY_PAYMENT,1
TX1700,CUST0245,Divya Bansal,divya.bansal59@example.com,New,1499.74,INR,ABANDONED,checkout_dropoff,Wallet,0,1,ABANDONED_CART,NONE,0,0,2980.69,2026-08-10 16:20:05,33,0.505,YES,SEND_CHECKOUT_REMINDER,1
TX1701,CUST0309,Arjun Deshmukh,arjun.deshmukh51@example.com,Standard,3499.8,INR,FAILED,card_expired,Net Banking,4,2,COMPLETED,NONE,6,0,17465.49,2026-08-10 18:45:20,60,0.025,NO,SEND_PAYMENT_REMINDER,0
TX1702,CUST0338,Nisha Kapoor,nisha.kapoor97@example.com,New,4999.23,INR,FAILED,authentication_failed,UPI,2,2,COMPLETED,NONE,2,1,4230.32,2026-08-14 10:51:54,29,0.7,YES,SEND_PAYMENT_REMINDER,0
TX1703,CUST0434,Kavita Reddy,kavita.reddy17@example.com,New,2499.78,INR,FAILED,card_expired,Credit Card,1,1,COMPLETED,NONE,5,1,1784.37,2026-08-18 17:35:50,64,0.12,NO,SEND_PAYMENT_REMINDER,0
TX1704,CUST0299,Divya Kapoor,divya.kapoor70@example.com,Standard,3499.07,INR,FAILED,webhook_drop,UPI,7,1,COMPLETED,NONE,7,0,32472.84,2026-08-25 14:01:33,11,0.8863,YES,RETRY_PAYMENT,0
TX1705,CUST0145,Shweta Saxena,shweta.saxena50@example.com,Standard,999.92,INR,FAILED,network_timeout,Credit Card,7,2,COMPLETED,NONE,4,1,13170.37,2026-08-09 07:38:27,10,0.9417,YES,RETRY_PAYMENT,1
TX1706,CUST0233,Gaurav Saxena,gaurav.saxena32@example.com,Standard,7999.87,INR,ABANDONED,checkout_dropoff,Wallet,2,2,ABANDONED_CART,NONE,0,0,28049.88,2026-08-25 00:41:15,39,0.58,YES,SEND_CHECKOUT_REMINDER,0
TX1707,CUST0350,Preeti Nair,preeti.nair60@example.com,New,2499.4,INR,ABANDONED,checkout_dropoff,UPI,1,0,OTP_DROPOFF,NONE,0,0,2367.04,2026-08-21 10:39:41,16,0.705,YES,SEND_CHECKOUT_REMINDER,1
TX1708,CUST0420,Siddharth Deshmukh,siddharth.deshmukh88@example.com,Enterprise,39999.41,INR,FAILED,insufficient_funds,Wallet,59,1,COMPLETED,NONE,0,1,264150.96,2026-08-06 21:13:51,61,0.6025,YES,SEND_PAYMENT_REMINDER,0
TX1709,CUST0388,Rajesh Patel,rajesh.patel80@example.com,Standard,1499.37,INR,FAILED,card_expired,UPI,12,4,COMPLETED,NONE,1,0,18780.59,2026-08-21 06:22:56,47,0.2075,NO,SEND_PAYMENT_REMINDER,0
TX1710,CUST0374,Rohan Joshi,rohan.joshi28@example.com,Standard,499.18,INR,FAILED,webhook_drop,Net Banking,14,1,COMPLETED,NONE,6,1,43111.58,2026-08-09 14:52:24,10,0.865,YES,RETRY_PAYMENT,1
TX1711,CUST0410,Arjun Bhatia,arjun.bhatia28@example.com,New,2499.11,INR,FAILED,issuer_down,Credit Card,1,2,COMPLETED,NONE,2,2,4725.27,2026-08-16 17:49:43,43,0.465,NO,CREATE_ESCALATION,0
TX1712,CUST0408,Meera Reddy,meera.reddy67@example.com,Standard,7999.36,INR,FAILED,network_timeout,Debit Card,6,0,COMPLETED,NONE,7,0,20453.95,2026-07-28 13:06:26,24,0.835,YES,RETRY_PAYMENT,1
TX1713,CUST0239,Shweta Malhotra,shweta.malhotra89@example.com,Standard,999.07,INR,FAILED,processor_error,UPI,2,1,COMPLETED,NONE,4,2,25737.58,2026-07-31 22:58:30,40,0.515,NO,CREATE_ESCALATION,0
TX1714,CUST0233,Gaurav Saxena,gaurav.saxena32@example.com,Standard,2499.34,INR,FAILED,processor_error,UPI,2,2,COMPLETED,ACTIVE_RENEWAL_DUE,4,0,28049.88,2026-07-28 06:52:25,11,0.85,YES,RETRY_SUBSCRIPTION,1
TX1715,CUST0183,Gaurav Iyer,gaurav.iyer45@example.com,New,4999.56,INR,FAILED,card_expired,Wallet,2,1,COMPLETED,CHURN_RISK,13,1,3320.37,2026-08-08 18:39:49,66,0.01,NO,SEND_PAYMENT_REMINDER,0
TX1716,CUST0416,Varun Chopra,varun.chopra86@example.com,New,7999.93,INR,ABANDONED,checkout_dropoff,UPI,2,2,OTP_DROPOFF,NONE,0,0,3331.67,2026-08-15 14:18:16,34,0.63,YES,SEND_CHECKOUT_REMINDER,1
TX1717,CUST0335,Shweta Joshi,shweta.joshi52@example.com,Standard,1499.11,INR,SUCCESS,none,Net Banking,13,4,COMPLETED,ACTIVE_RENEWAL_DUE,0,0,39931.19,2026-08-10 15:46:48,13,0.99,NO,NO_ACTION,0
TX1718,CUST0367,Karan Chopra,karan.chopra52@example.com,Standard,7999.85,INR,ABANDONED,checkout_dropoff,Debit Card,14,0,OTP_DROPOFF,NONE,0,0,39631.93,2026-08-25 07:42:39,34,0.655,YES,SEND_CHECKOUT_REMINDER,1
TX1719,CUST0212,Kavita Malhotra,kavita.malhotra99@example.com,Standard,4999.54,INR,FAILED,issuer_down,Debit Card,8,4,COMPLETED,NONE,6,0,18231.65,2026-08-01 07:17:31,25,0.755,YES,RETRY_PAYMENT,1
TX1720,CUST0108,Tanvi Bhatia,tanvi.bhatia39@example.com,Standard,1499.89,INR,FAILED,processor_error,UPI,13,0,COMPLETED,NONE,1,1,6832.98,2026-08-06 14:06:40,10,0.925,YES,RETRY_PAYMENT,1
TX1721,CUST0378,Neha Joshi,neha.joshi13@example.com,Standard,1499.11,INR,FAILED,issuer_down,UPI,6,1,COMPLETED,NONE,6,0,43420.8,2026-08-24 21:30:35,12,0.8336,YES,RETRY_PAYMENT,1
TX1722,CUST0438,Manish Verma,manish.verma92@example.com,VIP,8999.7,INR,SUCCESS,none,Credit Card,16,1,COMPLETED,NONE,0,0,106912.33,2026-08-08 19:10:28,7,0.99,NO,NO_ACTION,0
TX1723,CUST0154,Alok Mehta,alok.mehta80@example.com,Standard,2499.1,INR,ABANDONED,checkout_dropoff,UPI,6,1,OTP_DROPOFF,NONE,0,0,34649.24,2026-07-27 04:00:22,26,0.6836,YES,SEND_CHECKOUT_REMINDER,1
TX1724,CUST0328,Aditi Bhatia,aditi.bhatia21@example.com,New,4999.29,INR,FAILED,network_timeout,Credit Card,0,2,COMPLETED,NONE,3,1,4389.13,2026-08-19 20:24:21,18,0.825,YES,RETRY_PAYMENT,1
TX1725,CUST0164,Alok Iyer,alok.iyer78@example.com,Standard,2499.41,INR,FAILED,insufficient_funds,UPI,10,3,COMPLETED,CHURN_RISK,13,1,32180.72,2026-08-19 11:40:48,55,0.2804,NO,RETRY_SUBSCRIPTION,0
TX1726,CUST0360,Suresh Choudhury,suresh.choudhury59@example.com,Standard,1499.3,INR,SUCCESS,none,UPI,8,3,COMPLETED,ACTIVE_RENEWAL_DUE,0,0,6741.38,2026-08-22 01:29:46,12,0.99,NO,NO_ACTION,0
TX1727,CUST0103,Ananya Choudhury,ananya.choudhury99@example.com,Standard,499.03,INR,FAILED,issuer_down,Net Banking,10,1,COMPLETED,CHURN_RISK,14,1,33640.78,2026-08-08 02:39:36,26,0.6314,YES,RETRY_SUBSCRIPTION,0
TX1728,CUST0321,Suresh Patel,suresh.patel31@example.com,Standard,999.61,INR,FAILED,issuer_down,UPI,6,2,COMPLETED,NONE,0,2,13862.88,2026-08-24 21:05:32,40,0.5775,NO,CREATE_ESCALATION,0
TX1729,CUST0189,Nisha Roy,nisha.roy72@example.com,New,999.43,INR,FAILED,processor_error,UPI,1,0,COMPLETED,NONE,2,0,1728.21,2026-08-05 05:13:45,10,0.925,YES,RETRY_PAYMENT,1
TX1730,CUST0234,Kavita Choudhury,kavita.choudhury65@example.com,Standard,1499.2,INR,FAILED,account_closed,Debit Card,6,1,COMPLETED,NONE,6,0,44877.82,2026-07-31 10:41:50,56,0.01,NO,STOP_RECOVERY,0
TX1731,CUST0141,Aditi Saxena,aditi.saxena84@example.com,Standard,4999.13,INR,FAILED,issuer_down,Credit Card,2,2,COMPLETED,NONE,5,0,7286.61,2026-07-27 10:23:16,12,0.85,YES,RETRY_PAYMENT,1
TX1732,CUST0226,Amit Roy,amit.roy46@example.com,Standard,2499.76,INR,ABANDONED,checkout_dropoff,Debit Card,2,1,PAYMENT_PAGE_DROPOFF,NONE,0,0,16524.2,2026-08-19 21:17:21,22,0.605,YES,SEND_CHECKOUT_REMINDER,1
TX1733,CUST0112,Amit Joshi,amit.joshi51@example.com,Standard,499.11,INR,SUCCESS,none,Credit Card,12,4,COMPLETED,NONE,0,0,13784.61,2026-08-13 01:18:52,8,0.99,NO,NO_ACTION,0
TX1734,CUST0173,Priya Chopra,priya.chopra66@example.com,Enterprise,2499.08,INR,FAILED,insufficient_funds,UPI,52,2,COMPLETED,ACTIVE_RENEWAL_DUE,7,0,285995.28,2026-08-22 12:17:40,31,0.5094,YES,RETRY_SUBSCRIPTION,1
TX1735,CUST0421,Preeti Bansal,preeti.bansal27@example.com,New,2499.88,INR,ABANDONED,checkout_dropoff,UPI,2,2,PAYMENT_PAGE_DROPOFF,NONE,0,0,780.27,2026-08-16 07:03:41,28,0.63,YES,SEND_CHECKOUT_REMINDER,1
TX1736,CUST0106,Pooja Patel,pooja.patel15@example.com,Standard,4999.6,INR,FAILED,authentication_failed,Net Banking,7,2,COMPLETED,NONE,5,3,29149.04,2026-08-15 11:08:20,72,0.1517,NO,CREATE_ESCALATION,0
TX1737,CUST0368,Rahul Gupta,rahul.gupta59@example.com,New,999.6,INR,FAILED,issuer_down,Debit Card,1,1,COMPLETED,NONE,2,0,3844.88,2026-08-23 11:19:08,10,0.85,YES,RETRY_PAYMENT,1
TX1738,CUST0143,Rohan Singh,rohan.singh61@example.com,VIP,8999.27,INR,FAILED,webhook_drop,Debit Card,14,2,COMPLETED,NONE,1,0,222363.84,2026-08-23 20:52:11,11,0.99,YES,RETRY_PAYMENT,1
TX1739,CUST0324,Vikram Patel,vikram.patel82@example.com,Enterprise,4999.25,INR,FAILED,authentication_failed,Credit Card,55,3,COMPLETED,NONE,4,3,285581.23,2026-08-07 16:08:15,63,0.2572,NO,CREATE_ESCALATION,0
TX1740,CUST0350,Preeti Nair,preeti.nair60@example.com,New,3499.74,INR,FAILED,processor_error,UPI,1,0,COMPLETED,CHURN_RISK,2,1,2367.04,2026-08-09 01:24:46,10,0.925,YES,RETRY_SUBSCRIPTION,1
TX1741,CUST0424,Rajesh Iyer,rajesh.iyer48@example.com,Standard,499.95,INR,FAILED,fraud_blocked,Debit Card,5,1,COMPLETED,NONE,6,0,16160.26,2026-08-09 03:44:58,58,0.01,NO,STOP_RECOVERY,0
TX1742,CUST0266,Varun Chopra,varun.chopra94@example.com,New,999.07,INR,ABANDONED,checkout_dropoff,UPI,1,0,PAYMENT_PAGE_DROPOFF,NONE,0,0,4900.75,2026-08-01 06:02:16,15,0.705,YES,SEND_CHECKOUT_REMINDER,1
TX1743,CUST0105,Alok Singh,alok.singh53@example.com,Standard,1499.21,INR,FAILED,processor_error,UPI,7,2,COMPLETED,NONE,5,2,11219.18,2026-07-27 00:01:40,37,0.5317,NO,CREATE_ESCALATION,0
TX1744,CUST0212,Kavita Malhotra,kavita.malhotra99@example.com,Standard,3499.94,INR,FAILED,processor_error,UPI,8,4,COMPLETED,CHURN_RISK,2,0,18231.65,2026-08-04 00:22:26,13,0.875,YES,RETRY_SUBSCRIPTION,1
TX1745,CUST0264,Varun Chopra,varun.chopra48@example.com,Standard,2499.49,INR,SUCCESS,none,UPI,8,2,COMPLETED,ACTIVE_RENEWAL_DUE,0,0,23273.43,2026-07-28 03:56:03,8,0.99,NO,NO_ACTION,0
TX1746,CUST0164,Alok Iyer,alok.iyer78@example.com,Standard,3499.38,INR,FAILED,card_expired,Credit Card,10,3,COMPLETED,NONE,4,0,32180.72,2026-08-13 17:12:33,58,0.1604,NO,SEND_PAYMENT_REMINDER,0
TX1747,CUST0307,Alok Chopra,alok.chopra28@example.com,New,3499.04,INR,ABANDONED,checkout_dropoff,UPI,1,0,ABANDONED_CART,NONE,0,0,1316.33,2026-08-11 16:16:31,21,0.705,YES,SEND_CHECKOUT_REMINDER,0
TX1748,CUST0313,Priya Saxena,priya.saxena60@example.com,Standard,7999.34,INR,FAILED,webhook_drop,Debit Card,12,2,COMPLETED,NONE,5,0,6816.69,2026-08-03 21:56:38,13,0.9736,YES,RETRY_PAYMENT,1
TX1749,CUST0429,Rajesh Iyer,rajesh.iyer44@example.com,Standard,1499.93,INR,FAILED,network_timeout,Wallet,5,1,COMPLETED,NONE,3,0,38118.07,2026-07-30 07:35:47,10,0.95,YES,RETRY_PAYMENT,1
TX1750,CUST0324,Vikram Patel,vikram.patel82@example.com,Enterprise,39999.89,INR,FAILED,fraud_blocked,UPI,55,3,COMPLETED,NONE,0,2,285581.23,2026-07-29 07:33:04,99,0.01,NO,CREATE_ESCALATION,0
TX1751,CUST0125,Manish Saxena,manish.saxena18@example.com,New,1499.68,INR,FAILED,card_expired,Net Banking,0,2,COMPLETED,PAST_DUE,5,1,2686.96,2026-07-28 22:12:34,64,0.045,NO,SEND_PAYMENT_REMINDER,0
TX1752,CUST0264,Varun Chopra,varun.chopra48@example.com,Standard,7999.96,INR,FAILED,issuer_down,Net Banking,8,2,COMPLETED,NONE,7,1,23273.43,2026-08-18 06:21:51,30,0.755,YES,RETRY_PAYMENT,1
TX1753,CUST0244,Gaurav Mehta,gaurav.mehta44@example.com,Standard,999.09,INR,FAILED,card_expired,UPI,13,2,COMPLETED,CHURN_RISK,2,0,25354.88,2026-08-17 14:24:06,49,0.225,NO,SEND_PAYMENT_REMINDER,0
TX1754,CUST0206,Gaurav Patel,gaurav.patel82@example.com,Standard,2499.06,INR,FAILED,processor_error,Credit Card,9,1,COMPLETED,NONE,3,0,35019.05,2026-07-28 22:16:59,10,0.86,YES,RETRY_PAYMENT,1
TX1755,CUST0403,Ritu Kapoor,ritu.kapoor69@example.com,Enterprise,8999.75,INR,FAILED,card_expired,Debit Card,25,3,COMPLETED,NONE,7,1,498387.76,2026-08-11 02:12:24,72,0.1189,NO,SEND_PAYMENT_REMINDER,0
TX1756,CUST0287,Karan Saxena,karan.saxena86@example.com,Enterprise,24999.51,INR,FAILED,card_expired,UPI,29,2,COMPLETED,ACTIVE_RENEWAL_DUE,2,0,409747.43,2026-08-09 05:55:48,72,0.3153,NO,SEND_PAYMENT_REMINDER,0
TX1757,CUST0396,Aarav Bansal,aarav.bansal48@example.com,New,499.74,INR,FAILED,insufficient_funds,Credit Card,2,1,COMPLETED,NONE,7,0,3388.58,2026-07-31 02:13:40,40,0.335,NO,SEND_PAYMENT_REMINDER,0
TX1758,CUST0161,Rahul Singh,rahul.singh70@example.com,New,2499.21,INR,FAILED,webhook_drop,Net Banking,0,1,COMPLETED,NONE,6,0,4424.75,2026-07-29 04:42:26,18,0.725,YES,RETRY_PAYMENT,1
TX1759,CUST0296,Priya Agarwal,priya.agarwal24@example.com,Standard,1499.19,INR,FAILED,processor_error,Debit Card,8,0,COMPLETED,NONE,4,0,36723.84,2026-08-08 08:26:34,10,0.875,YES,RETRY_PAYMENT,1
TX1760,CUST0228,Varun Reddy,varun.reddy44@example.com,Standard,499.89,INR,FAILED,issuer_down,Wallet,10,1,COMPLETED,NONE,3,0,30905.39,2026-08-02 06:16:35,10,0.9114,YES,RETRY_PAYMENT,1
TX1761,CUST0308,Varun Joshi,varun.joshi37@example.com,VIP,39999.82,INR,ABANDONED,checkout_dropoff,UPI,11,0,PAYMENT_PAGE_DROPOFF,NONE,0,0,199222.35,2026-07-29 17:07:05,39,0.785,YES,SEND_CHECKOUT_REMINDER,0
TX1762,CUST0278,Rajesh Patel,rajesh.patel24@example.com,Standard,1499.73,INR,FAILED,account_closed,Credit Card,9,2,COMPLETED,NONE,7,1,30969.58,2026-08-16 20:23:37,62,0.01,NO,STOP_RECOVERY,0
TX1763,CUST0186,Divya Deshmukh,divya.deshmukh63@example.com,Standard,999.95,INR,ABANDONED,checkout_dropoff,UPI,9,3,PAYMENT_PAGE_DROPOFF,NONE,0,0,7490.63,2026-08-22 16:05:06,19,0.6675,YES,SEND_CHECKOUT_REMINDER,1
TX1764,CUST0236,Shweta Gupta,shweta.gupta46@example.com,New,7999.84,INR,FAILED,issuer_down,Net Banking,1,1,COMPLETED,NONE,7,1,3621.53,2026-07-31 19:06:04,31,0.71,YES,RETRY_PAYMENT,1
TX1765,CUST0109,Alok Chopra,alok.chopra68@example.com,New,7999.23,INR,FAILED,insufficient_funds,Credit Card,0,0,COMPLETED,NONE,2,1,2210.57,2026-08-25 09:16:35,50,0.375,YES,SEND_PAYMENT_REMINDER,0
TX1766,CUST0280,Manish Malhotra,manish.malhotra99@example.com,VIP,14999.25,INR,FAILED,authentication_failed,Wallet,39,1,COMPLETED,NONE,5,0,184097.24,2026-08-03 09:27:49,32,0.8013,YES,SEND_PAYMENT_REMINDER,0
TX1767,CUST0406,Shweta Bansal,shweta.bansal43@example.com,Standard,3499.72,INR,FAILED,issuer_down,Credit Card,2,0,COMPLETED,NONE,6,2,22237.11,2026-08-03 18:32:03,46,0.445,NO,CREATE_ESCALATION,0
TX1768,CUST0396,Aarav Bansal,aarav.bansal48@example.com,New,1499.2,INR,FAILED,velocity_limit_exceeded,Debit Card,2,1,COMPLETED,NONE,6,1,3388.58,2026-08-24 20:56:54,59,0.205,NO,STOP_RECOVERY,0
TX1769,CUST0190,Aarav Joshi,aarav.joshi69@example.com,Standard,1499.39,INR,FAILED,authentication_failed,UPI,12,3,COMPLETED,NONE,4,0,33967.26,2026-08-16 01:06:25,19,0.745,YES,SEND_PAYMENT_REMINDER,0
TX1770,CUST0163,Ananya Sharma,ananya.sharma18@example.com,Standard,7999.78,INR,FAILED,processor_error,UPI,8,2,COMPLETED,NONE,0,0,16144.12,2026-08-09 07:47:56,17,0.895,YES,RETRY_PAYMENT,1
TX1771,CUST0249,Meera Malhotra,meera.malhotra40@example.com,Standard,1499.48,INR,FAILED,webhook_drop,Credit Card,7,1,COMPLETED,NONE,4,0,44230.99,2026-08-15 14:29:23,10,0.9763,YES,RETRY_PAYMENT,1
TX1772,CUST0351,Suresh Bhatia,suresh.bhatia50@example.com,Enterprise,39999.83,INR,FAILED,authentication_failed,UPI,20,2,COMPLETED,NONE,2,0,189815.5,2026-08-08 14:00:41,41,0.8414,YES,SEND_PAYMENT_REMINDER,1
TX1773,CUST0180,Preeti Gupta,preeti.gupta81@example.com,Standard,999.99,INR,FAILED,webhook_drop,Wallet,14,3,COMPLETED,NONE,1,0,31703.11,2026-08-17 01:40:52,10,0.9685,YES,RETRY_PAYMENT,1
TX1774,CUST0298,Divya Kapoor,divya.kapoor50@example.com,New,499.88,INR,SUCCESS,none,UPI,1,1,COMPLETED,ACTIVE_RENEWAL_DUE,0,0,3783.26,2026-08-24 16:21:07,10,0.99,NO,NO_ACTION,0
TX1775,CUST0389,Rajesh Saxena,rajesh.saxena17@example.com,Enterprise,49999.57,INR,ABANDONED,checkout_dropoff,UPI,23,3,ABANDONED_CART,NONE,0,0,301145.51,2026-08-21 22:51:01,41,0.7677,YES,SEND_CHECKOUT_REMINDER,1
TX1776,CUST0203,Pooja Deshmukh,pooja.deshmukh65@example.com,New,3499.92,INR,FAILED,velocity_limit_exceeded,UPI,2,1,COMPLETED,NONE,2,0,3682.89,2026-07-29 05:48:34,37,0.375,YES,STOP_RECOVERY,0
TX1777,CUST0261,Simran Joshi,simran.joshi28@example.com,Standard,1499.46,INR,FAILED,authentication_failed,Credit Card,5,3,COMPLETED,NONE,6,3,41513.16,2026-08-16 05:29:48,71,0.01,NO,CREATE_ESCALATION,0
TX1778,CUST0146,Ananya Iyer,ananya.iyer19@example.com,Standard,1499.78,INR,FAILED,authentication_failed,Debit Card,12,2,COMPLETED,NONE,5,0,23288.98,2026-08-14 03:07:45,23,0.7036,YES,SEND_PAYMENT_REMINDER,1
TX1779,CUST0302,Pooja Deshmukh,pooja.deshmukh16@example.com,Standard,2499.8,INR,FAILED,insufficient_funds,UPI,12,3,COMPLETED,PAST_DUE,14,0,39723.69,2026-08-15 18:38:10,44,0.265,NO,RETRY_SUBSCRIPTION,0
TX1780,CUST0155,Deepak Deshmukh,deepak.deshmukh98@example.com,Standard,1499.56,INR,ABANDONED,checkout_dropoff,UPI,3,0,ABANDONED_CART,NONE,0,0,42802.04,2026-07-29 14:18:23,15,0.705,YES,SEND_CHECKOUT_REMINDER,1
TX1781,CUST0362,Rajesh Gupta,rajesh.gupta55@example.com,New,999.51,INR,FAILED,account_closed,Debit Card,2,1,COMPLETED,NONE,7,0,1100.34,2026-07-28 06:21:13,58,0.01,NO,STOP_RECOVERY,0
TX1782,CUST0104,Meera Deshmukh,meera.deshmukh10@example.com,Enterprise,4999.11,INR,FAILED,network_timeout,Debit Card,52,2,COMPLETED,NONE,1,0,423772.18,2026-08-14 09:13:02,10,0.99,YES,RETRY_PAYMENT,1
TX1783,CUST0328,Aditi Bhatia,aditi.bhatia21@example.com,New,1499.4,INR,SUCCESS,none,UPI,0,2,COMPLETED,NONE,0,0,4389.13,2026-08-23 10:55:52,13,0.975,NO,NO_ACTION,0
TX1784,CUST0414,Ritu Chopra,ritu.chopra82@example.com,Standard,3499.12,INR,FAILED,account_closed,Credit Card,10,4,COMPLETED,NONE,0,0,26293.59,2026-08-21 10:53:06,57,0.0521,NO,STOP_RECOVERY,0
TX1785,CUST0380,Deepak Agarwal,deepak.agarwal72@example.com,Enterprise,8999.66,INR,SUCCESS,none,UPI,54,2,COMPLETED,ACTIVE_RENEWAL_DUE,0,0,377592.26,2026-08-10 02:06:54,16,0.99,NO,NO_ACTION,0
TX1786,CUST0442,Tanvi Joshi,tanvi.joshi95@example.com,New,7999.11,INR,FAILED,network_timeout,UPI,2,1,COMPLETED,NONE,6,0,890.32,2026-08-07 05:58:12,18,0.855,YES,RETRY_PAYMENT,1
TX1787,CUST0256,Rajesh Bansal,rajesh.bansal90@example.com,New,4999.61,INR,FAILED,insufficient_funds,UPI,0,2,COMPLETED,NONE,5,3,807.89,2026-08-15 04:28:59,79,0.01,NO,CREATE_ESCALATION,0
TX1788,CUST0182,Divya Malhotra,divya.malhotra41@example.com,Standard,3499.21,INR,SUCCESS,none,UPI,4,3,COMPLETED,ACTIVE_RENEWAL_DUE,0,0,23002.79,2026-08-21 08:23:01,7,0.99,NO,NO_ACTION,0
TX1789,CUST0190,Aarav Joshi,aarav.joshi69@example.com,Standard,4999.56,INR,FAILED,fraud_blocked,Credit Card,12,3,COMPLETED,NONE,2,0,33967.26,2026-08-06 05:31:24,67,0.045,NO,STOP_RECOVERY,0
TX1790,CUST0431,Ananya Nair,ananya.nair16@example.com,VIP,24999.65,INR,FAILED,authentication_failed,Credit Card,43,0,COMPLETED,NONE,4,0,177588.91,2026-08-24 13:13:07,40,0.805,YES,SEND_PAYMENT_REMINDER,1
TX1791,CUST0307,Alok Chopra,alok.chopra28@example.com,New,4999.16,INR,FAILED,webhook_drop,UPI,1,0,COMPLETED,NONE,1,0,1316.33,2026-07-27 13:26:05,10,0.99,YES,RETRY_PAYMENT,1
TX1792,CUST0222,Meera Deshmukh,meera.deshmukh76@example.com,Standard,4999.88,INR,FAILED,issuer_down,UPI,14,4,COMPLETED,PAST_DUE,2,0,14027.49,2026-08-22 02:19:23,10,0.9417,YES,RETRY_SUBSCRIPTION,1
TX1793,CUST0138,Sneha Deshmukh,sneha.deshmukh31@example.com,Standard,4999.83,INR,SUCCESS,none,UPI,5,3,COMPLETED,ACTIVE_RENEWAL_DUE,0,0,41097.71,2026-08-06 21:41:28,8,0.99,NO,NO_ACTION,0
TX1794,CUST0331,Aditi Agarwal,aditi.agarwal92@example.com,VIP,24999.55,INR,FAILED,issuer_down,UPI,31,2,COMPLETED,NONE,7,0,66865.83,2026-08-25 08:09:58,38,0.9059,YES,RETRY_PAYMENT,1
TX1795,CUST0371,Meera Chopra,meera.chopra49@example.com,Standard,3499.02,INR,SUCCESS,none,Debit Card,3,2,COMPLETED,NONE,0,0,31436.77,2026-08-01 10:37:55,11,0.99,NO,NO_ACTION,0
TX1796,CUST0118,Nisha Deshmukh,nisha.deshmukh69@example.com,Standard,1499.77,INR,FAILED,insufficient_funds,Debit Card,8,3,COMPLETED,NONE,1,0,28835.54,2026-08-22 11:20:55,34,0.4841,YES,SEND_PAYMENT_REMINDER,0
TX1797,CUST0207,Tanvi Joshi,tanvi.joshi37@example.com,Standard,1499.35,INR,FAILED,processor_error,Credit Card,9,2,COMPLETED,ACTIVE_RENEWAL_DUE,13,0,12273.59,2026-08-09 21:16:00,27,0.5877,YES,RETRY_SUBSCRIPTION,0
TX1798,CUST0392,Rahul Mehta,rahul.mehta92@example.com,Standard,1499.1,INR,FAILED,issuer_down,UPI,11,4,COMPLETED,NONE,0,1,8737.14,2026-08-19 03:29:53,13,0.935,YES,RETRY_PAYMENT,1
TX1799,CUST0229,Gaurav Mehta,gaurav.mehta82@example.com,VIP,49999.86,INR,SUCCESS,none,UPI,20,1,COMPLETED,NONE,0,0,169008.81,2026-08-06 09:52:15,12,0.99,NO,NO_ACTION,0
TX1800,CUST0366,Suresh Joshi,suresh.joshi92@example.com,New,2499.61,INR,FAILED,fraud_blocked,Net Banking,2,1,COMPLETED,NONE,1,1,1639.91,2026-08-10 16:12:47,68,0.025,NO,STOP_RECOVERY,0
TX1801,CUST0316,Arjun Malhotra,arjun.malhotra55@example.com,Standard,7999.06,INR,FAILED,network_timeout,UPI,10,4,COMPLETED,NONE,5,2,38334.17,2026-08-05 17:02:56,39,0.6221,NO,CREATE_ESCALATION,0
TX1802,CUST0389,Rajesh Saxena,rajesh.saxena17@example.com,Enterprise,49999.8,INR,FAILED,authentication_failed,Net Banking,23,3,COMPLETED,NONE,1,2,301145.51,2026-08-16 18:24:16,78,0.4277,NO,CREATE_ESCALATION,0
TX1803,CUST0346,Amit Agarwal,amit.agarwal30@example.com,New,499.1,INR,FAILED,webhook_drop,Net Banking,1,2,COMPLETED,NONE,3,1,2873.57,2026-08-03 18:56:42,14,0.895,YES,RETRY_PAYMENT,1
TX1804,CUST0217,Vikram Iyer,vikram.iyer26@example.com,VIP,49999.77,INR,FAILED,velocity_limit_exceeded,UPI,13,2,COMPLETED,NONE,6,1,108427.33,2026-07-28 08:02:09,68,0.365,YES,STOP_RECOVERY,0
TX1805,CUST0165,Siddharth Sharma,siddharth.sharma43@example.com,VIP,4999.11,INR,FAILED,network_timeout,UPI,26,0,COMPLETED,NONE,5,0,166117.95,2026-08-08 11:29:57,10,0.99,YES,RETRY_PAYMENT,1
TX1806,CUST0106,Pooja Patel,pooja.patel15@example.com,Standard,7999.79,INR,FAILED,network_timeout,UPI,7,2,COMPLETED,NONE,0,2,29149.04,2026-08-18 02:21:42,37,0.6317,NO,CREATE_ESCALATION,0
TX1807,CUST0193,Aditi Iyer,aditi.iyer58@example.com,Standard,3499.65,INR,FAILED,insufficient_funds,UPI,5,3,COMPLETED,NONE,4,0,18073.83,2026-08-05 02:20:59,29,0.5188,YES,SEND_PAYMENT_REMINDER,1
TX1808,CUST0229,Gaurav Mehta,gaurav.mehta82@example.com,VIP,39999.73,INR,FAILED,webhook_drop,Net Banking,20,1,COMPLETED,NONE,3,0,169008.81,2026-08-01 20:23:56,33,0.99,YES,RETRY_PAYMENT,1
TX1809,CUST0435,Preeti Patel,preeti.patel14@example.com,Standard,1499.69,INR,FAILED,authentication_failed,UPI,5,4,COMPLETED,NONE,0,0,34547.46,2026-08-22 11:07:25,19,0.7083,YES,SEND_PAYMENT_REMINDER,1
TX1810,CUST0171,Siddharth Joshi,siddharth.joshi95@example.com,Standard,1499.73,INR,FAILED,card_expired,Debit Card,10,1,COMPLETED,NONE,5,1,12673.6,2026-08-11 07:17:44,60,0.1814,NO,SEND_PAYMENT_REMINDER,0
TX1811,CUST0433,Aarav Malhotra,aarav.malhotra70@example.com,New,499.49,INR,FAILED,network_timeout,Debit Card,0,1,COMPLETED,NONE,4,1,3438.02,2026-08-24 06:22:17,11,0.825,YES,RETRY_PAYMENT,0
TX1812,CUST0297,Simran Malhotra,simran.malhotra39@example.com,Standard,2499.44,INR,FAILED,network_timeout,Credit Card,5,3,COMPLETED,NONE,6,0,23062.2,2026-08-21 13:22:32,16,0.7988,YES,RETRY_PAYMENT,1
TX1813,CUST0279,Vikram Verma,vikram.verma40@example.com,New,7999.88,INR,SUCCESS,none,Net Banking,1,1,COMPLETED,ACTIVE_RENEWAL_DUE,0,0,1022.54,2026-08-22 23:25:05,11,0.99,NO,NO_ACTION,0
TX1814,CUST0115,Manish Agarwal,manish.agarwal78@example.com,VIP,14999.86,INR,FAILED,insufficient_funds,UPI,18,0,COMPLETED,CHURN_RISK,13,0,198997.8,2026-08-20 13:13:53,54,0.395,YES,RETRY_SUBSCRIPTION,0
TX1815,CUST0448,Vikram Agarwal,vikram.agarwal80@example.com,Standard,3499.46,INR,FAILED,insufficient_funds,UPI,11,2,COMPLETED,NONE,4,0,21633.82,2026-08-25 09:37:15,36,0.5519,YES,SEND_PAYMENT_REMINDER,1
TX1816,CUST0108,Tanvi Bhatia,tanvi.bhatia39@example.com,Standard,1499.08,INR,FAILED,authentication_failed,UPI,13,0,COMPLETED,NONE,4,0,6832.98,2026-08-16 03:39:01,13,0.775,YES,SEND_PAYMENT_REMINDER,1
TX1817,CUST0229,Gaurav Mehta,gaurav.mehta82@example.com,VIP,24999.01,INR,FAILED,velocity_limit_exceeded,Debit Card,20,1,COMPLETED,NONE,5,2,169008.81,2026-08-19 23:33:57,94,0.0879,NO,CREATE_ESCALATION,0
TX1818,CUST0339,Preeti Choudhury,preeti.choudhury56@example.com,VIP,39999.84,INR,FAILED,authentication_failed,UPI,37,2,COMPLETED,NONE,0,1,122365.62,2026-08-06 10:27:36,44,0.8473,YES,SEND_PAYMENT_REMINDER,0
TX1819,CUST0326,Siddharth Mehta,siddharth.mehta45@example.com,Standard,1499.26,INR,FAILED,authentication_failed,UPI,9,3,COMPLETED,NONE,3,1,30255.4,2026-08-18 15:40:57,24,0.7375,YES,SEND_PAYMENT_REMINDER,1
TX1820,CUST0436,Preeti Singh,preeti.singh14@example.com,Standard,7999.44,INR,FAILED,webhook_drop,UPI,15,1,COMPLETED,NONE,3,0,42356.9,2026-08-16 04:58:37,14,0.99,YES,RETRY_PAYMENT,1
TX1821,CUST0281,Meera Deshmukh,meera.deshmukh93@example.com,Standard,999.35,INR,FAILED,issuer_down,Credit Card,13,1,COMPLETED,NONE,7,0,40416.55,2026-07-28 00:23:13,12,0.7743,YES,RETRY_PAYMENT,1
TX1822,CUST0449,Preeti Bansal,preeti.bansal97@example.com,New,1499.14,INR,FAILED,insufficient_funds,UPI,2,0,COMPLETED,NONE,5,0,3928.37,2026-08-14 22:20:16,26,0.575,YES,SEND_PAYMENT_REMINDER,0
TX1823,CUST0251,Deepak Joshi,deepak.joshi14@example.com,Standard,499.29,INR,FAILED,webhook_drop,Credit Card,12,1,COMPLETED,NONE,0,0,24813.15,2026-07-31 11:36:15,10,0.9835,YES,RETRY_PAYMENT,1
TX1824,CUST0361,Neha Iyer,neha.iyer94@example.com,Standard,999.38,INR,FAILED,card_expired,Debit Card,7,0,COMPLETED,NONE,2,0,18792.1,2026-08-17 01:25:27,54,0.195,NO,SEND_PAYMENT_REMINDER,0
TX1825,CUST0215,Rahul Saxena,rahul.saxena22@example.com,New,4999.54,INR,FAILED,network_timeout,Credit Card,2,2,COMPLETED,NONE,1,2,1773.49,2026-08-25 14:36:16,44,0.54,NO,CREATE_ESCALATION,0
TX1826,CUST0367,Karan Chopra,karan.chopra52@example.com,Standard,7999.57,INR,SUCCESS,none,UPI,14,0,COMPLETED,ACTIVE_RENEWAL_DUE,0,0,39631.93,2026-08-03 17:59:26,12,0.99,NO,NO_ACTION,0
TX1827,CUST0286,Ananya Mehta,ananya.mehta80@example.com,New,499.69,INR,FAILED,authentication_failed,UPI,0,0,COMPLETED,NONE,6,0,4234.18,2026-08-05 02:50:49,26,0.505,YES,SEND_PAYMENT_REMINDER,1
TX1828,CUST0348,Simran Bhatia,simran.bhatia46@example.com,Standard,2499.23,INR,FAILED,processor_error,Credit Card,3,4,COMPLETED,ACTIVE_RENEWAL_DUE,9,0,39046.64,2026-08-09 03:26:10,28,0.6093,YES,RETRY_SUBSCRIPTION,0
TX1829,CUST0411,Karan Roy,karan.roy27@example.com,Standard,1499.12,INR,FAILED,issuer_down,UPI,10,0,COMPLETED,NONE,2,1,6812.13,2026-08-04 06:44:11,12,0.975,YES,RETRY_PAYMENT,1
TX1830,CUST0108,Tanvi Bhatia,tanvi.bhatia39@example.com,Standard,7999.55,INR,SUCCESS,none,UPI,13,0,COMPLETED,NONE,0,0,6832.98,2026-08-08 05:35:22,9,0.99,NO,NO_ACTION,0
TX1831,CUST0118,Nisha Deshmukh,nisha.deshmukh69@example.com,Standard,999.98,INR,FAILED,processor_error,Debit Card,8,3,COMPLETED,NONE,6,2,28835.54,2026-07-27 09:24:35,51,0.3541,NO,CREATE_ESCALATION,0
TX1832,CUST0251,Deepak Joshi,deepak.joshi14@example.com,Standard,1499.59,INR,ABANDONED,checkout_dropoff,UPI,12,1,OTP_DROPOFF,NONE,0,0,24813.15,2026-08-22 14:19:34,15,0.6935,YES,SEND_CHECKOUT_REMINDER,0
TX1833,CUST0282,Pooja Bansal,pooja.bansal37@example.com,Standard,4999.45,INR,FAILED,card_expired,Net Banking,6,0,COMPLETED,PAST_DUE,13,0,32611.23,2026-08-22 23:51:52,67,0.01,NO,SEND_PAYMENT_REMINDER,0
TX1834,CUST0402,Arjun Roy,arjun.roy83@example.com,Standard,499.15,INR,FAILED,webhook_drop,Net Banking,15,1,COMPLETED,NONE,5,1,37539.11,2026-08-23 18:32:47,10,0.9856,YES,RETRY_PAYMENT,1
TX1835,CUST0402,Arjun Roy,arjun.roy83@example.com,Standard,999.29,INR,FAILED,issuer_down,UPI,15,1,COMPLETED,NONE,6,0,37539.11,2026-08-18 20:44:37,14,0.8456,YES,RETRY_PAYMENT,1
TX1836,CUST0208,Neha Iyer,neha.iyer76@example.com,Standard,3499.31,INR,FAILED,processor_error,UPI,11,2,COMPLETED,NONE,2,0,27231.64,2026-08-04 00:31:25,10,0.9019,YES,RETRY_PAYMENT,1
TX1837,CUST0233,Gaurav Saxena,gaurav.saxena32@example.com,Standard,999.66,INR,FAILED,issuer_down,Wallet,2,2,COMPLETED,NONE,3,1,28049.88,2026-08-18 06:40:36,10,0.85,YES,RETRY_PAYMENT,0
TX1838,CUST0377,Amit Bhatia,amit.bhatia77@example.com,Standard,2499.82,INR,FAILED,velocity_limit_exceeded,Credit Card,14,0,COMPLETED,NONE,3,0,27956.87,2026-08-01 12:40:29,42,0.375,YES,STOP_RECOVERY,0
TX1839,CUST0333,Sneha Bhatia,sneha.bhatia53@example.com,Standard,4999.91,INR,FAILED,issuer_down,UPI,6,3,COMPLETED,NONE,6,0,21350.78,2026-07-29 23:06:06,22,0.805,YES,RETRY_PAYMENT,1
TX1840,CUST0160,Manish Deshmukh,manish.deshmukh41@example.com,VIP,39999.79,INR,ABANDONED,checkout_dropoff,Wallet,31,1,PAYMENT_PAGE_DROPOFF,NONE,0,0,210447.03,2026-08-19 18:48:02,42,0.7303,YES,SEND_CHECKOUT_REMINDER,1
TX1841,CUST0333,Sneha Bhatia,sneha.bhatia53@example.com,Standard,7999.07,INR,ABANDONED,checkout_dropoff,Credit Card,6,3,ABANDONED_CART,NONE,0,0,21350.78,2026-08-11 01:25:37,32,0.605,YES,SEND_CHECKOUT_REMINDER,0
TX1842,CUST0367,Karan Chopra,karan.chopra52@example.com,Standard,4999.83,INR,ABANDONED,checkout_dropoff,UPI,14,0,OTP_DROPOFF,NONE,0,0,39631.93,2026-08-20 22:00:34,24,0.705,YES,SEND_CHECKOUT_REMINDER,1
TX1843,CUST0401,Amit Gupta,amit.gupta47@example.com,Standard,4999.19,INR,FAILED,fraud_blocked,UPI,5,1,COMPLETED,NONE,7,2,8872.47,2026-08-23 23:15:22,71,0.01,NO,CREATE_ESCALATION,0
TX1844,CUST0146,Ananya Iyer,ananya.iyer19@example.com,Standard,4999.21,INR,FAILED,issuer_down,Wallet,12,2,COMPLETED,NONE,7,1,23288.98,2026-08-21 09:19:55,20,0.7636,YES,RETRY_PAYMENT,1
TX1845,CUST0415,Priya Bansal,priya.bansal63@example.com,New,4999.35,INR,FAILED,fraud_blocked,UPI,1,1,COMPLETED,NONE,2,2,3532.13,2026-08-13 04:35:11,77,0.01,NO,CREATE_ESCALATION,0
TX1846,CUST0423,Sneha Agarwal,sneha.agarwal97@example.com,New,2499.29,INR,FAILED,issuer_down,UPI,1,2,COMPLETED,NONE,4,0,2094.29,2026-08-06 09:18:40,12,0.875,YES,RETRY_PAYMENT,1
TX1847,CUST0338,Nisha Kapoor,nisha.kapoor97@example.com,New,1499.69,INR,ABANDONED,checkout_dropoff,Wallet,2,2,PAYMENT_PAGE_DROPOFF,NONE,0,0,4230.32,2026-08-15 11:49:13,30,0.58,YES,SEND_CHECKOUT_REMINDER,0
TX1848,CUST0408,Meera Reddy,meera.reddy67@example.com,Standard,1499.27,INR,FAILED,fraud_blocked,UPI,6,0,COMPLETED,NONE,6,0,20453.95,2026-08-02 17:16:42,62,0.01,NO,STOP_RECOVERY,0
TX1849,CUST0327,Varun Verma,varun.verma14@example.com,Standard,499.27,INR,ABANDONED,checkout_dropoff,UPI,3,2,PAYMENT_PAGE_DROPOFF,NONE,0,0,23469.7,2026-08-03 11:52:57,23,0.645,YES,SEND_CHECKOUT_REMINDER,1
TX1850,CUST0330,Amit Saxena,amit.saxena29@example.com,Standard,999.53,INR,FAILED,card_expired,UPI,7,4,COMPLETED,ACTIVE_RENEWAL_DUE,10,1,24025.16,2026-08-12 20:22:59,66,0.01,NO,SEND_PAYMENT_REMINDER,0
TX1851,CUST0111,Preeti Patel,preeti.patel30@example.com,Standard,4999.33,INR,FAILED,webhook_drop,Debit Card,4,4,COMPLETED,NONE,1,1,34165.07,2026-07-29 09:09:40,16,0.92,YES,RETRY_PAYMENT,0
TX1852,CUST0375,Simran Roy,simran.roy40@example.com,Standard,1499.79,INR,SUCCESS,none,UPI,9,0,COMPLETED,ACTIVE_RENEWAL_DUE,0,0,10049.2,2026-08-17 05:00:35,18,0.99,NO,NO_ACTION,0
TX1853,CUST0211,Priya Nair,priya.nair57@example.com,Standard,499.04,INR,FAILED,card_expired,Credit Card,5,2,COMPLETED,NONE,1,0,31558.4,2026-08-03 03:14:45,48,0.1521,NO,SEND_PAYMENT_REMINDER,0
TX1854,CUST0218,Rajesh Bansal,rajesh.bansal71@example.com,VIP,2499.27,INR,FAILED,insufficient_funds,Credit Card,10,2,COMPLETED,NONE,6,1,106867.87,2026-08-16 07:35:22,44,0.46,YES,SEND_PAYMENT_REMINDER,0
TX1855,CUST0140,Ritu Malhotra,ritu.malhotra37@example.com,Standard,7999.73,INR,FAILED,processor_error,UPI,9,1,COMPLETED,NONE,2,0,12595.91,2026-08-17 08:06:01,11,0.91,YES,RETRY_PAYMENT,1
TX1856,CUST0260,Divya Saxena,divya.saxena88@example.com,Standard,4999.02,INR,FAILED,velocity_limit_exceeded,Debit Card,4,1,COMPLETED,NONE,3,0,12002.77,2026-08-08 10:17:20,44,0.345,NO,STOP_RECOVERY,0
TX1857,CUST0214,Pooja Malhotra,pooja.malhotra71@example.com,New,2499.28,INR,ABANDONED,checkout_dropoff,Wallet,2,0,OTP_DROPOFF,NONE,0,0,1361.93,2026-08-12 12:05:47,21,0.655,YES,SEND_CHECKOUT_REMINDER,1
TX1858,CUST0355,Meera Roy,meera.roy25@example.com,Standard,7999.54,INR,FAILED,issuer_down,Debit Card,3,2,COMPLETED,NONE,3,1,14505.61,2026-08-24 05:13:42,22,0.865,YES,RETRY_PAYMENT,1
TX1859,CUST0156,Manish Mehta,manish.mehta28@example.com,Standard,7999.62,INR,FAILED,account_closed,Credit Card,15,2,COMPLETED,NONE,2,0,28300.38,2026-08-05 15:31:57,60,0.0774,NO,STOP_RECOVERY,0
TX1860,CUST0343,Vikram Singh,vikram.singh15@example.com,Enterprise,49999.23,INR,FAILED,issuer_down,Credit Card,59,1,COMPLETED,PAST_DUE,7,0,388473.2,2026-08-20 20:43:37,41,0.8625,YES,RETRY_SUBSCRIPTION,1
TX1861,CUST0390,Gaurav Gupta,gaurav.gupta38@example.com,Standard,1499.68,INR,FAILED,card_expired,Credit Card,6,1,COMPLETED,PAST_DUE,9,0,11478.68,2026-08-21 19:36:26,59,0.01,NO,SEND_PAYMENT_REMINDER,0
TX1862,CUST0364,Kavita Singh,kavita.singh68@example.com,New,4999.08,INR,FAILED,account_closed,Credit Card,0,2,COMPLETED,NONE,1,0,3992.86,2026-08-17 20:45:08,65,0.01,NO,STOP_RECOVERY,0
TX1863,CUST0202,Shweta Bhatia,shweta.bhatia72@example.com,VIP,2499.88,INR,FAILED,velocity_limit_exceeded,UPI,31,0,COMPLETED,NONE,7,0,219915.13,2026-08-24 19:57:32,40,0.365,YES,STOP_RECOVERY,1
TX1864,CUST0323,Neha Mehta,neha.mehta87@example.com,Enterprise,39999.27,INR,FAILED,webhook_drop,Wallet,24,2,COMPLETED,NONE,5,1,178908.72,2026-08-17 06:32:17,35,0.99,YES,RETRY_PAYMENT,1
TX1865,CUST0415,Priya Bansal,priya.bansal63@example.com,New,3499.25,INR,FAILED,account_closed,Wallet,1,1,COMPLETED,NONE,5,2,3532.13,2026-08-06 19:28:53,70,0.01,NO,CREATE_ESCALATION,0
TX1866,CUST0343,Vikram Singh,vikram.singh15@example.com,Enterprise,4999.47,INR,SUCCESS,none,UPI,59,1,COMPLETED,NONE,0,0,388473.2,2026-08-08 03:55:02,14,0.99,NO,NO_ACTION,0
TX1867,CUST0197,Varun Reddy,varun.reddy87@example.com,Standard,2499.33,INR,FAILED,insufficient_funds,UPI,6,2,COMPLETED,NONE,7,1,11711.57,2026-07-29 11:44:58,44,0.3975,YES,SEND_PAYMENT_REMINDER,1
TX1868,CUST0422,Suresh Reddy,suresh.reddy50@example.com,Standard,1499.81,INR,FAILED,processor_error,UPI,12,3,COMPLETED,CHURN_RISK,12,0,26019.09,2026-08-01 10:52:49,26,0.655,YES,RETRY_SUBSCRIPTION,1
TX1869,CUST0429,Rajesh Iyer,rajesh.iyer44@example.com,Standard,999.1,INR,FAILED,authentication_failed,Credit Card,5,1,COMPLETED,NONE,2,0,38118.07,2026-07-28 23:57:43,20,0.7,YES,SEND_PAYMENT_REMINDER,0
TX1870,CUST0270,Aditi Saxena,aditi.saxena51@example.com,Standard,3499.27,INR,FAILED,card_expired,Credit Card,4,0,COMPLETED,CHURN_RISK,11,2,41385.11,2026-08-21 06:37:38,70,0.01,NO,CREATE_ESCALATION,0
TX1871,CUST0211,Priya Nair,priya.nair57@example.com,Standard,999.14,INR,FAILED,card_expired,UPI,5,2,COMPLETED,NONE,0,0,31558.4,2026-08-19 18:35:38,45,0.2021,NO,SEND_PAYMENT_REMINDER,0
TX1872,CUST0318,Simran Kapoor,simran.kapoor63@example.com,Standard,3499.75,INR,FAILED,processor_error,Credit Card,11,3,COMPLETED,NONE,6,0,33379.96,2026-08-05 11:41:00,19,0.7229,YES,RETRY_PAYMENT,0
TX1873,CUST0263,Manish Chopra,manish.chopra54@example.com,Standard,7999.21,INR,FAILED,velocity_limit_exceeded,Credit Card,4,0,COMPLETED,NONE,4,1,22669.19,2026-08-22 04:08:41,51,0.375,YES,STOP_RECOVERY,0
TX1874,CUST0162,Ananya Reddy,ananya.reddy39@example.com,New,1499.18,INR,FAILED,processor_error,Credit Card,1,1,COMPLETED,PAST_DUE,13,1,1873.36,2026-08-08 17:40:36,31,0.54,YES,RETRY_SUBSCRIPTION,0
TX1875,CUST0198,Ritu Gupta,ritu.gupta13@example.com,New,4999.99,INR,FAILED,webhook_drop,UPI,0,1,COMPLETED,NONE,5,0,986.44,2026-08-01 01:03:47,10,0.895,YES,RETRY_PAYMENT,0
TX1876,CUST0230,Preeti Chopra,preeti.chopra44@example.com,Standard,1499.03,INR,FAILED,fraud_blocked,Credit Card,9,2,COMPLETED,NONE,7,0,32989.35,2026-07-27 01:32:06,58,0.01,NO,STOP_RECOVERY,0
TX1877,CUST0393,Sneha Saxena,sneha.saxena87@example.com,New,2499.99,INR,ABANDONED,checkout_dropoff,Debit Card,0,0,PAYMENT_PAGE_DROPOFF,NONE,0,0,3464.3,2026-08-21 13:40:21,29,0.505,YES,SEND_CHECKOUT_REMINDER,0
TX1878,CUST0432,Pooja Deshmukh,pooja.deshmukh27@example.com,Standard,499.37,INR,ABANDONED,checkout_dropoff,Debit Card,9,0,OTP_DROPOFF,NONE,0,0,32247.68,2026-08-19 21:31:45,17,0.655,YES,SEND_CHECKOUT_REMINDER,0
TX1879,CUST0168,Aarav Choudhury,aarav.choudhury95@example.com,New,499.06,INR,ABANDONED,checkout_dropoff,UPI,2,2,ABANDONED_CART,NONE,0,0,3737.43,2026-08-20 16:42:20,20,0.63,YES,SEND_CHECKOUT_REMINDER,0
TX1880,CUST0243,Rohan Nair,rohan.nair92@example.com,New,3499.73,INR,FAILED,authentication_failed,Wallet,0,1,COMPLETED,NONE,5,2,4761.77,2026-08-01 11:59:25,63,0.215,NO,CREATE_ESCALATION,0
TX1881,CUST0108,Tanvi Bhatia,tanvi.bhatia39@example.com,Standard,7999.66,INR,FAILED,insufficient_funds,Net Banking,13,0,COMPLETED,NONE,3,2,6832.98,2026-08-07 18:27:49,67,0.165,NO,CREATE_ESCALATION,0
TX1882,CUST0123,Vikram Bhatia,vikram.bhatia86@example.com,New,3499.41,INR,ABANDONED,checkout_dropoff,UPI,2,2,ABANDONED_CART,NONE,0,0,4633.22,2026-08-01 15:13:52,24,0.63,YES,SEND_CHECKOUT_REMINDER,1
TX1883,CUST0161,Rahul Singh,rahul.singh70@example.com,New,4999.09,INR,SUCCESS,none,UPI,0,1,COMPLETED,NONE,0,0,4424.75,2026-08-12 17:15:50,8,0.975,NO,NO_ACTION,0
TX1884,CUST0147,Aarav Agarwal,aarav.agarwal37@example.com,Standard,1499.59,INR,SUCCESS,none,UPI,11,0,COMPLETED,NONE,0,0,7930.43,2026-07-29 06:23:59,5,0.99,NO,NO_ACTION,0
TX1885,CUST0212,Kavita Malhotra,kavita.malhotra99@example.com,Standard,4999.93,INR,FAILED,fraud_blocked,Credit Card,8,4,COMPLETED,NONE,3,1,18231.65,2026-08-09 11:37:50,65,0.025,NO,STOP_RECOVERY,0
TX1886,CUST0192,Varun Sharma,varun.sharma33@example.com,VIP,14999.22,INR,FAILED,insufficient_funds,UPI,37,0,COMPLETED,NONE,3,0,223370.27,2026-08-12 15:00:28,38,0.655,YES,SEND_PAYMENT_REMINDER,1
TX1887,CUST0282,Pooja Bansal,pooja.bansal37@example.com,Standard,4999.52,INR,FAILED,processor_error,Credit Card,6,0,COMPLETED,CHURN_RISK,14,0,32611.23,2026-08-06 03:21:28,26,0.595,YES,RETRY_SUBSCRIPTION,1
TX1888,CUST0323,Neha Mehta,neha.mehta87@example.com,Enterprise,49999.29,INR,FAILED,fraud_blocked,UPI,24,2,COMPLETED,NONE,4,0,178908.72,2026-08-20 00:01:59,75,0.1935,NO,STOP_RECOVERY,0
TX1889,CUST0160,Manish Deshmukh,manish.deshmukh41@example.com,VIP,14999.14,INR,FAILED,network_timeout,Credit Card,31,1,COMPLETED,NONE,5,1,210447.03,2026-08-14 14:34:51,21,0.99,YES,RETRY_PAYMENT,1
TX1890,CUST0284,Meera Bhatia,meera.bhatia68@example.com,VIP,14999.47,INR,FAILED,issuer_down,Net Banking,27,0,COMPLETED,NONE,1,0,243641.38,2026-07-26 21:51:57,18,0.99,YES,RETRY_PAYMENT,1
TX1891,CUST0112,Amit Joshi,amit.joshi51@example.com,Standard,3499.57,INR,FAILED,insufficient_funds,UPI,12,4,COMPLETED,NONE,6,0,13784.61,2026-08-14 04:08:24,37,0.4175,YES,SEND_PAYMENT_REMINDER,1
TX1892,CUST0448,Vikram Agarwal,vikram.agarwal80@example.com,Standard,999.76,INR,SUCCESS,none,UPI,11,2,COMPLETED,NONE,0,0,21633.82,2026-07-27 21:04:19,18,0.99,NO,NO_ACTION,0
TX1893,CUST0319,Priya Gupta,priya.gupta89@example.com,Standard,2499.59,INR,FAILED,account_closed,Debit Card,7,1,COMPLETED,NONE,2,2,37052.89,2026-08-24 07:02:46,76,0.01,NO,CREATE_ESCALATION,0
TX1894,CUST0172,Arjun Singh,arjun.singh10@example.com,Standard,499.96,INR,FAILED,issuer_down,UPI,6,3,COMPLETED,NONE,2,2,26917.49,2026-08-05 16:02:42,36,0.565,NO,CREATE_ESCALATION,0
TX1895,CUST0203,Pooja Deshmukh,pooja.deshmukh65@example.com,New,499.18,INR,FAILED,card_expired,Net Banking,2,1,COMPLETED,PAST_DUE,2,1,3682.89,2026-08-04 17:06:08,58,0.145,NO,SEND_PAYMENT_REMINDER,0
TX1896,CUST0292,Ananya Roy,ananya.roy13@example.com,VIP,2499.47,INR,ABANDONED,checkout_dropoff,UPI,43,1,OTP_DROPOFF,NONE,0,0,141608.5,2026-07-31 10:53:48,13,0.7816,YES,SEND_CHECKOUT_REMINDER,1
TX1897,CUST0293,Aditi Bansal,aditi.bansal66@example.com,New,7999.91,INR,FAILED,webhook_drop,Debit Card,1,2,COMPLETED,NONE,5,1,985.83,2026-08-16 20:39:38,24,0.895,YES,RETRY_PAYMENT,1
TX1898,CUST0318,Simran Kapoor,simran.kapoor63@example.com,Standard,1499.48,INR,ABANDONED,checkout_dropoff,Credit Card,11,3,OTP_DROPOFF,NONE,0,0,33379.96,2026-08-11 16:44:31,19,0.6229,YES,SEND_CHECKOUT_REMINDER,0
TX1899,CUST0192,Varun Sharma,varun.sharma33@example.com,VIP,8999.5,INR,FAILED,issuer_down,Debit Card,37,0,COMPLETED,NONE,6,2,223370.27,2026-08-06 17:57:16,49,0.525,NO,CREATE_ESCALATION,0
TX1900,CUST0255,Rajesh Patel,rajesh.patel50@example.com,New,4999.18,INR,FAILED,card_expired,UPI,2,2,COMPLETED,NONE,4,0,2210.04,2026-08-05 20:40:53,53,0.17,NO,SEND_PAYMENT_REMINDER,0
TX1901,CUST0192,Varun Sharma,varun.sharma33@example.com,VIP,49999.11,INR,FAILED,processor_error,UPI,37,0,COMPLETED,PAST_DUE,11,1,223370.27,2026-08-16 03:27:49,50,0.785,YES,RETRY_SUBSCRIPTION,1
TX1902,CUST0264,Varun Chopra,varun.chopra48@example.com,Standard,4999.45,INR,FAILED,processor_error,UPI,8,2,COMPLETED,NONE,6,0,23273.43,2026-08-10 21:11:52,17,0.775,YES,RETRY_PAYMENT,1
TX1903,CUST0410,Arjun Bhatia,arjun.bhatia28@example.com,New,3499.37,INR,FAILED,card_expired,Debit Card,1,2,COMPLETED,NONE,5,2,4725.27,2026-08-22 22:05:27,76,0.01,NO,CREATE_ESCALATION,0
TX1904,CUST0373,Ritu Bhatia,ritu.bhatia17@example.com,Standard,499.15,INR,FAILED,velocity_limit_exceeded,Debit Card,8,2,COMPLETED,NONE,4,0,30578.77,2026-08-21 18:48:19,39,0.345,NO,STOP_RECOVERY,0
TX1905,CUST0121,Sneha Agarwal,sneha.agarwal74@example.com,VIP,8999.05,INR,FAILED,webhook_drop,UPI,26,2,COMPLETED,NONE,5,0,202392.44,2026-08-10 08:42:23,14,0.99,YES,RETRY_PAYMENT,1
TX1906,CUST0237,Shweta Joshi,shweta.joshi50@example.com,New,499.44,INR,FAILED,network_timeout,UPI,2,0,COMPLETED,NONE,0,1,2546.72,2026-08-06 09:08:12,10,0.99,YES,RETRY_PAYMENT,1
TX1907,CUST0190,Aarav Joshi,aarav.joshi69@example.com,Standard,4999.14,INR,FAILED,authentication_failed,UPI,12,3,COMPLETED,NONE,4,0,33967.26,2026-07-29 12:16:17,18,0.745,YES,SEND_PAYMENT_REMINDER,0
TX1908,CUST0369,Siddharth Singh,siddharth.singh76@example.com,Standard,1499.37,INR,FAILED,card_expired,Credit Card,9,2,COMPLETED,NONE,1,0,41972.42,2026-07-27 21:26:26,50,0.1677,NO,SEND_PAYMENT_REMINDER,0
TX1909,CUST0255,Rajesh Patel,rajesh.patel50@example.com,New,4999.25,INR,ABANDONED,checkout_dropoff,UPI,2,2,ABANDONED_CART,NONE,0,0,2210.04,2026-07-27 08:17:43,31,0.63,YES,SEND_CHECKOUT_REMINDER,1
TX1910,CUST0160,Manish Deshmukh,manish.deshmukh41@example.com,VIP,8999.61,INR,FAILED,authentication_failed,Debit Card,31,1,COMPLETED,NONE,3,1,210447.03,2026-08-12 19:13:25,27,0.8003,YES,SEND_PAYMENT_REMINDER,1
TX1911,CUST0324,Vikram Patel,vikram.patel82@example.com,Enterprise,4999.27,INR,ABANDONED,checkout_dropoff,UPI,55,3,OTP_DROPOFF,NONE,0,0,285581.23,2026-08-16 08:09:38,18,0.7772,YES,SEND_CHECKOUT_REMINDER,1
TX1912,CUST0246,Karan Roy,karan.roy63@example.com,Standard,499.77,INR,ABANDONED,checkout_dropoff,UPI,4,0,PAYMENT_PAGE_DROPOFF,NONE,0,0,16049.9,2026-08-07 21:21:02,15,0.705,YES,SEND_CHECKOUT_REMINDER,1
TX1913,CUST0426,Siddharth Bansal,siddharth.bansal83@example.com,Standard,499.7,INR,FAILED,processor_error,UPI,14,2,COMPLETED,NONE,4,1,16511.58,2026-08-02 07:31:56,12,0.9063,YES,RETRY_PAYMENT,1
TX1914,CUST0269,Rahul Mehta,rahul.mehta66@example.com,Standard,3499.01,INR,FAILED,insufficient_funds,Credit Card,12,0,COMPLETED,NONE,5,2,17357.32,2026-08-09 22:36:47,64,0.165,NO,CREATE_ESCALATION,0
TX1915,CUST0188,Neha Chopra,neha.chopra79@example.com,New,499.65,INR,FAILED,webhook_drop,Credit Card,1,2,COMPLETED,NONE,1,1,3863.82,2026-08-03 08:16:40,10,0.895,YES,RETRY_PAYMENT,1
TX1916,CUST0372,Amit Roy,amit.roy15@example.com,Standard,1499.45,INR,FAILED,webhook_drop,UPI,4,3,COMPLETED,NONE,2,1,19061.88,2026-08-04 10:17:30,10,0.9807,YES,RETRY_PAYMENT,1
TX1917,CUST0112,Amit Joshi,amit.joshi51@example.com,Standard,4999.49,INR,FAILED,card_expired,Debit Card,12,4,COMPLETED,NONE,2,0,13784.61,2026-08-04 04:34:42,52,0.1575,NO,SEND_PAYMENT_REMINDER,0
TX1918,CUST0157,Divya Mehta,divya.mehta36@example.com,VIP,4999.76,INR,SUCCESS,none,Credit Card,33,0,COMPLETED,ACTIVE_RENEWAL_DUE,0,0,229784.93,2026-08-01 00:47:14,18,0.99,NO,NO_ACTION,0
TX1919,CUST0281,Meera Deshmukh,meera.deshmukh93@example.com,Standard,3499.28,INR,FAILED,issuer_down,Debit Card,13,1,COMPLETED,CHURN_RISK,2,1,40416.55,2026-08-08 05:16:07,14,0.9143,YES,RETRY_SUBSCRIPTION,1
TX1920,CUST0216,Gaurav Reddy,gaurav.reddy78@example.com,Standard,2499.28,INR,SUCCESS,none,Net Banking,7,1,COMPLETED,NONE,0,0,17090.7,2026-08-10 12:27:32,10,0.99,NO,NO_ACTION,0
TX1921,CUST0305,Pooja Iyer,pooja.iyer89@example.com,Standard,1499.76,INR,ABANDONED,checkout_dropoff,UPI,14,3,OTP_DROPOFF,NONE,0,0,38806.21,2026-08-11 15:41:54,25,0.6785,YES,SEND_CHECKOUT_REMINDER,1
TX1922,CUST0435,Preeti Patel,preeti.patel14@example.com,Standard,999.63,INR,ABANDONED,checkout_dropoff,UPI,5,4,ABANDONED_CART,NONE,0,0,34547.46,2026-08-08 05:19:59,23,0.6383,YES,SEND_CHECKOUT_REMINDER,1
TX1923,CUST0142,Kavita Choudhury,kavita.choudhury75@example.com,New,499.32,INR,FAILED,card_expired,Credit Card,2,0,COMPLETED,NONE,7,1,755.96,2026-08-17 15:19:32,64,0.055,NO,SEND_PAYMENT_REMINDER,0
TX1924,CUST0435,Preeti Patel,preeti.patel14@example.com,Standard,999.84,INR,FAILED,processor_error,UPI,5,4,COMPLETED,NONE,5,1,34547.46,2026-08-11 00:20:26,19,0.8583,YES,RETRY_PAYMENT,0
TX1925,CUST0266,Varun Chopra,varun.chopra94@example.com,New,499.2,INR,FAILED,issuer_down,UPI,1,0,COMPLETED,NONE,3,1,4900.75,2026-07-28 14:50:39,10,0.975,YES,RETRY_PAYMENT,1
TX1926,CUST0357,Gaurav Bansal,gaurav.bansal28@example.com,Standard,7999.33,INR,SUCCESS,none,Credit Card,2,4,COMPLETED,NONE,0,0,28001.9,2026-08-19 18:50:01,12,0.975,NO,NO_ACTION,0
TX1927,CUST0337,Shweta Joshi,shweta.joshi92@example.com,VIP,39999.03,INR,ABANDONED,checkout_dropoff,Debit Card,15,1,OTP_DROPOFF,NONE,0,0,161784.41,2026-07-28 18:27:56,51,0.7256,YES,SEND_CHECKOUT_REMINDER,0
TX1928,CUST0137,Pooja Verma,pooja.verma40@example.com,Standard,4999.53,INR,ABANDONED,checkout_dropoff,Debit Card,10,0,OTP_DROPOFF,NONE,0,0,43759.85,2026-08-24 09:37:59,28,0.655,YES,SEND_CHECKOUT_REMINDER,1
TX1929,CUST0113,Gaurav Verma,gaurav.verma18@example.com,Enterprise,2499.29,INR,FAILED,authentication_failed,UPI,17,2,COMPLETED,NONE,0,0,260465.91,2026-08-20 12:09:43,13,0.8392,YES,SEND_PAYMENT_REMINDER,1
TX1930,CUST0164,Alok Iyer,alok.iyer78@example.com,Standard,7999.82,INR,FAILED,processor_error,UPI,10,3,COMPLETED,ACTIVE_RENEWAL_DUE,12,0,32180.72,2026-08-21 02:04:11,32,0.6504,YES,RETRY_SUBSCRIPTION,1
TX1931,CUST0225,Shweta Patel,shweta.patel62@example.com,Enterprise,2499.33,INR,ABANDONED,checkout_dropoff,Debit Card,26,0,PAYMENT_PAGE_DROPOFF,NONE,0,0,162613.05,2026-08-01 23:26:25,22,0.735,YES,SEND_CHECKOUT_REMINDER,1
TX1932,CUST0226,Amit Roy,amit.roy46@example.com,Standard,4999.44,INR,FAILED,insufficient_funds,Debit Card,2,1,COMPLETED,CHURN_RISK,5,0,16524.2,2026-08-05 22:44:17,40,0.475,YES,RETRY_SUBSCRIPTION,1
TX1933,CUST0248,Varun Bansal,varun.bansal52@example.com,New,3499.36,INR,FAILED,insufficient_funds,UPI,1,2,COMPLETED,NONE,2,1,2679.54,2026-08-22 01:54:07,40,0.475,YES,SEND_PAYMENT_REMINDER,1
TX1934,CUST0166,Aditi Gupta,aditi.gupta75@example.com,Standard,2499.25,INR,FAILED,network_timeout,UPI,7,2,COMPLETED,NONE,3,1,22455.76,2026-08-04 10:39:31,10,0.99,YES,RETRY_PAYMENT,1
TX1935,CUST0365,Aditi Chopra,aditi.chopra49@example.com,Enterprise,4999.96,INR,ABANDONED,checkout_dropoff,UPI,27,0,OTP_DROPOFF,NONE,0,0,226238.33,2026-08-14 05:28:13,22,0.785,YES,SEND_CHECKOUT_REMINDER,1
TX1936,CUST0292,Ananya Roy,ananya.roy13@example.com,VIP,39999.17,INR,FAILED,insufficient_funds,UPI,43,1,COMPLETED,NONE,2,0,141608.5,2026-08-23 10:57:30,55,0.6516,YES,SEND_PAYMENT_REMINDER,1
TX1937,CUST0259,Siddharth Verma,siddharth.verma77@example.com,Standard,3499.77,INR,FAILED,processor_error,UPI,7,3,COMPLETED,CHURN_RISK,4,0,10822.79,2026-07-31 04:14:34,12,0.88,YES,RETRY_SUBSCRIPTION,1
TX1938,CUST0107,Ritu Agarwal,ritu.agarwal90@example.com,Standard,7999.78,INR,FAILED,insufficient_funds,Debit Card,8,0,COMPLETED,CHURN_RISK,4,0,27081.63,2026-08-21 01:06:58,37,0.525,YES,RETRY_SUBSCRIPTION,1
TX1939,CUST0269,Rahul Mehta,rahul.mehta66@example.com,Standard,3499.84,INR,FAILED,authentication_failed,Credit Card,12,0,COMPLETED,NONE,1,3,17357.32,2026-08-03 19:38:24,68,0.185,NO,CREATE_ESCALATION,0
TX1940,CUST0194,Rahul Deshmukh,rahul.deshmukh79@example.com,Standard,999.23,INR,ABANDONED,checkout_dropoff,Credit Card,3,3,ABANDONED_CART,NONE,0,0,5775.33,2026-08-15 04:45:37,21,0.58,YES,SEND_CHECKOUT_REMINDER,0
TX1941,CUST0383,Manish Chopra,manish.chopra91@example.com,New,4999.82,INR,FAILED,issuer_down,UPI,2,2,COMPLETED,NONE,2,0,4672.96,2026-08-17 23:13:07,10,0.9,YES,RETRY_PAYMENT,1
TX1942,CUST0345,Ananya Malhotra,ananya.malhotra83@example.com,Enterprise,49999.05,INR,FAILED,processor_error,Credit Card,45,1,COMPLETED,ACTIVE_RENEWAL_DUE,4,0,247136.38,2026-08-11 18:46:17,28,0.9517,YES,RETRY_SUBSCRIPTION,1
TX1943,CUST0378,Neha Joshi,neha.joshi13@example.com,Standard,1499.56,INR,FAILED,insufficient_funds,Credit Card,6,1,COMPLETED,NONE,1,1,43420.8,2026-08-13 14:57:02,33,0.5036,YES,SEND_PAYMENT_REMINDER,0
TX1944,CUST0415,Priya Bansal,priya.bansal63@example.com,New,1499.75,INR,ABANDONED,checkout_dropoff,Debit Card,1,1,PAYMENT_PAGE_DROPOFF,NONE,0,0,3532.13,2026-08-25 10:35:25,28,0.58,YES,SEND_CHECKOUT_REMINDER,1
TX1945,CUST0348,Simran Bhatia,simran.bhatia46@example.com,Standard,1499.26,INR,FAILED,webhook_drop,Credit Card,3,4,COMPLETED,NONE,5,0,39046.64,2026-08-24 05:12:46,10,0.9093,YES,RETRY_PAYMENT,1
TX1946,CUST0194,Rahul Deshmukh,rahul.deshmukh79@example.com,Standard,3499.47,INR,FAILED,network_timeout,Credit Card,3,3,COMPLETED,NONE,1,1,5775.33,2026-08-05 06:00:31,19,0.9,YES,RETRY_PAYMENT,1
TX1947,CUST0427,Shweta Malhotra,shweta.malhotra28@example.com,Standard,999.77,INR,FAILED,issuer_down,Credit Card,8,2,COMPLETED,ACTIVE_RENEWAL_DUE,5,0,43184.35,2026-08-20 08:25:14,10,0.895,YES,RETRY_SUBSCRIPTION,1
TX1948,CUST0254,Vikram Patel,vikram.patel60@example.com,Standard,4999.15,INR,FAILED,account_closed,Net Banking,6,2,COMPLETED,NONE,6,1,29930.38,2026-08-01 23:35:21,68,0.01,NO,STOP_RECOVERY,0
TX1949,CUST0343,Vikram Singh,vikram.singh15@example.com,Enterprise,49999.72,INR,FAILED,fraud_blocked,Credit Card,59,1,COMPLETED,NONE,4,0,388473.2,2026-08-19 08:04:41,79,0.1525,NO,STOP_RECOVERY,0
TX1950,CUST0282,Pooja Bansal,pooja.bansal37@example.com,Standard,1499.42,INR,FAILED,card_expired,Debit Card,6,0,COMPLETED,NONE,6,0,32611.23,2026-08-05 03:13:43,61,0.075,NO,SEND_PAYMENT_REMINDER,0
TX1951,CUST0172,Arjun Singh,arjun.singh10@example.com,Standard,499.81,INR,FAILED,webhook_drop,Wallet,6,3,COMPLETED,NONE,4,0,26917.49,2026-08-18 16:27:15,10,0.945,YES,RETRY_PAYMENT,1
TX1952,CUST0386,Vikram Roy,vikram.roy71@example.com,New,999.61,INR,FAILED,webhook_drop,Credit Card,0,1,COMPLETED,NONE,4,0,2291.72,2026-08-01 15:47:05,12,0.845,YES,RETRY_PAYMENT,0
TX1953,CUST0404,Kavita Chopra,kavita.chopra40@example.com,Standard,499.77,INR,FAILED,velocity_limit_exceeded,Credit Card,3,3,COMPLETED,NONE,7,0,25217.78,2026-08-24 19:23:42,46,0.16,NO,STOP_RECOVERY,0
TX1954,CUST0276,Rahul Saxena,rahul.saxena39@example.com,Standard,1499.11,INR,FAILED,velocity_limit_exceeded,UPI,12,2,COMPLETED,NONE,1,0,9333.84,2026-08-06 18:10:56,40,0.4036,YES,STOP_RECOVERY,0
TX1955,CUST0402,Arjun Roy,arjun.roy83@example.com,Standard,499.43,INR,FAILED,card_expired,UPI,15,1,COMPLETED,NONE,4,1,37539.11,2026-08-01 16:10:30,47,0.2356,NO,SEND_PAYMENT_REMINDER,0
TX1956,CUST0261,Simran Joshi,simran.joshi28@example.com,Standard,7999.44,INR,FAILED,processor_error,Wallet,5,3,COMPLETED,ACTIVE_RENEWAL_DUE,6,0,41513.16,2026-08-06 12:15:52,26,0.6988,YES,RETRY_SUBSCRIPTION,1
TX1957,CUST0233,Gaurav Saxena,gaurav.saxena32@example.com,Standard,499.14,INR,ABANDONED,checkout_dropoff,UPI,2,2,PAYMENT_PAGE_DROPOFF,NONE,0,0,28049.88,2026-08-18 02:29:14,21,0.63,YES,SEND_CHECKOUT_REMINDER,1
TX1958,CUST0125,Manish Saxena,manish.saxena18@example.com,New,3499.37,INR,FAILED,fraud_blocked,Debit Card,0,2,COMPLETED,NONE,0,3,2686.96,2026-07-28 11:35:07,81,0.01,NO,CREATE_ESCALATION,0
TX1959,CUST0395,Alok Saxena,alok.saxena91@example.com,Standard,499.56,INR,SUCCESS,none,UPI,5,4,COMPLETED,NONE,0,0,21663.47,2026-07-28 16:29:52,10,0.99,NO,NO_ACTION,0
TX1960,CUST0363,Meera Kapoor,meera.kapoor99@example.com,New,2499.6,INR,SUCCESS,none,Debit Card,0,2,COMPLETED,NONE,0,0,2590.8,2026-07-29 07:20:41,18,0.925,NO,NO_ACTION,0
TX1961,CUST0242,Tanvi Nair,tanvi.nair62@example.com,Standard,4999.15,INR,FAILED,authentication_failed,Credit Card,6,4,COMPLETED,NONE,2,1,5546.98,2026-08-22 08:30:55,33,0.665,YES,SEND_PAYMENT_REMINDER,0
TX1962,CUST0322,Rohan Choudhury,rohan.choudhury54@example.com,Standard,1499.01,INR,FAILED,processor_error,Net Banking,10,4,COMPLETED,ACTIVE_RENEWAL_DUE,1,0,12756.15,2026-08-07 17:14:05,10,0.8321,YES,RETRY_SUBSCRIPTION,0
TX1963,CUST0400,Arjun Mehta,arjun.mehta40@example.com,New,2499.65,INR,FAILED,authentication_failed,Credit Card,2,2,COMPLETED,NONE,5,2,977.83,2026-08-05 11:20:42,52,0.29,NO,CREATE_ESCALATION,0
TX1964,CUST0206,Gaurav Patel,gaurav.patel82@example.com,Standard,3499.6,INR,FAILED,insufficient_funds,UPI,9,1,COMPLETED,ACTIVE_RENEWAL_DUE,9,0,35019.05,2026-07-29 16:49:28,39,0.38,YES,RETRY_SUBSCRIPTION,1
TX1965,CUST0218,Rajesh Bansal,rajesh.bansal71@example.com,VIP,4999.42,INR,FAILED,processor_error,Credit Card,10,2,COMPLETED,NONE,3,1,106867.87,2026-08-01 17:24:15,11,0.93,YES,RETRY_PAYMENT,0
TX1966,CUST0114,Karan Saxena,karan.saxena60@example.com,New,4999.21,INR,FAILED,processor_error,UPI,1,0,COMPLETED,NONE,7,0,3449.47,2026-08-17 23:49:03,19,0.785,YES,RETRY_PAYMENT,1
TX1967,CUST0190,Aarav Joshi,aarav.joshi69@example.com,Standard,3499.12,INR,FAILED,issuer_down,Credit Card,12,3,COMPLETED,ACTIVE_RENEWAL_DUE,8,1,33967.26,2026-08-13 00:33:27,27,0.735,YES,RETRY_SUBSCRIPTION,1
TX1968,CUST0198,Ritu Gupta,ritu.gupta13@example.com,New,3499.36,INR,FAILED,processor_error,UPI,0,1,COMPLETED,NONE,1,2,986.44,2026-07-29 09:32:55,52,0.415,NO,CREATE_ESCALATION,0
TX1969,CUST0152,Tanvi Reddy,tanvi.reddy42@example.com,Standard,7999.06,INR,SUCCESS,none,UPI,5,2,COMPLETED,ACTIVE_RENEWAL_DUE,0,0,25216.36,2026-08-24 01:06:21,12,0.99,NO,NO_ACTION,0
TX1970,CUST0144,Pooja Saxena,pooja.saxena63@example.com,Enterprise,14999.02,INR,SUCCESS,none,Credit Card,53,0,COMPLETED,ACTIVE_RENEWAL_DUE,0,0,347752.6,2026-08-19 23:30:04,6,0.99,NO,NO_ACTION,0
TX1971,CUST0173,Priya Chopra,priya.chopra66@example.com,Enterprise,2499.13,INR,FAILED,issuer_down,Debit Card,52,2,COMPLETED,NONE,7,1,285995.28,2026-07-31 23:52:38,20,0.8594,YES,RETRY_PAYMENT,1
TX1972,CUST0291,Kavita Agarwal,kavita.agarwal74@example.com,New,2499.17,INR,SUCCESS,none,Credit Card,2,2,COMPLETED,NONE,0,0,990.74,2026-08-20 08:55:10,10,0.99,NO,NO_ACTION,0
TX1973,CUST0287,Karan Saxena,karan.saxena86@example.com,Enterprise,4999.03,INR,FAILED,fraud_blocked,Net Banking,29,2,COMPLETED,NONE,6,1,409747.43,2026-07-29 22:56:28,70,0.0253,NO,STOP_RECOVERY,0
TX1974,CUST0114,Karan Saxena,karan.saxena60@example.com,New,499.73,INR,FAILED,authentication_failed,UPI,1,0,COMPLETED,NONE,6,0,3449.47,2026-08-22 08:07:47,23,0.655,YES,SEND_PAYMENT_REMINDER,1
TX1975,CUST0152,Tanvi Reddy,tanvi.reddy42@example.com,Standard,499.42,INR,FAILED,authentication_failed,UPI,5,2,COMPLETED,NONE,7,0,25216.36,2026-08-22 14:09:18,24,0.5921,YES,SEND_PAYMENT_REMINDER,0
TX1976,CUST0427,Shweta Malhotra,shweta.malhotra28@example.com,Standard,1499.13,INR,ABANDONED,checkout_dropoff,UPI,8,2,PAYMENT_PAGE_DROPOFF,NONE,0,0,43184.35,2026-08-09 23:04:28,25,0.675,YES,SEND_CHECKOUT_REMINDER,1
TX1977,CUST0150,Suresh Sharma,suresh.sharma23@example.com,Standard,7999.57,INR,FAILED,insufficient_funds,Credit Card,10,2,COMPLETED,NONE,2,2,42270.24,2026-08-18 03:15:24,67,0.14,NO,CREATE_ESCALATION,0
TX1978,CUST0307,Alok Chopra,alok.chopra28@example.com,New,999.22,INR,FAILED,fraud_blocked,UPI,1,0,COMPLETED,NONE,4,0,1316.33,2026-08-14 02:59:22,56,0.125,NO,STOP_RECOVERY,0
TX1979,CUST0317,Rohan Joshi,rohan.joshi19@example.com,New,4999.93,INR,FAILED,account_closed,UPI,0,1,COMPLETED,NONE,6,1,584.34,2026-07-31 00:44:17,65,0.01,NO,STOP_RECOVERY,0
TX1980,CUST0222,Meera Deshmukh,meera.deshmukh76@example.com,Standard,3499.48,INR,FAILED,processor_error,UPI,14,4,COMPLETED,ACTIVE_RENEWAL_DUE,11,1,14027.49,2026-08-05 08:24:09,28,0.6717,YES,RETRY_SUBSCRIPTION,1
TX1981,CUST0419,Ananya Verma,ananya.verma66@example.com,Standard,4999.28,INR,FAILED,card_expired,UPI,13,0,COMPLETED,PAST_DUE,6,2,12631.37,2026-08-08 20:52:50,72,0.01,NO,CREATE_ESCALATION,0
TX1982,CUST0350,Preeti Nair,preeti.nair60@example.com,New,499.66,INR,FAILED,insufficient_funds,Debit Card,1,0,COMPLETED,NONE,4,0,2367.04,2026-08-09 08:43:36,24,0.525,YES,SEND_PAYMENT_REMINDER,0
TX1983,CUST0149,Priya Singh,priya.singh93@example.com,Standard,499.12,INR,ABANDONED,checkout_dropoff,UPI,10,2,ABANDONED_CART,NONE,0,0,29467.11,2026-08-09 09:31:52,23,0.68,YES,SEND_CHECKOUT_REMINDER,1
TX1984,CUST0324,Vikram Patel,vikram.patel82@example.com,Enterprise,49999.96,INR,FAILED,network_timeout,Credit Card,55,3,COMPLETED,NONE,3,0,285581.23,2026-08-23 20:39:15,27,0.99,YES,RETRY_PAYMENT,1
TX1985,CUST0370,Rahul Patel,rahul.patel33@example.com,Standard,7999.53,INR,FAILED,authentication_failed,Credit Card,3,3,COMPLETED,NONE,5,0,29098.13,2026-07-31 05:27:16,27,0.65,YES,SEND_PAYMENT_REMINDER,1
TX1986,CUST0449,Preeti Bansal,preeti.bansal97@example.com,New,3499.22,INR,SUCCESS,none,UPI,2,0,COMPLETED,NONE,0,0,3928.37,2026-08-14 16:53:03,18,0.99,NO,NO_ACTION,0
TX1987,CUST0204,Sneha Choudhury,sneha.choudhury78@example.com,New,2499.29,INR,SUCCESS,none,UPI,1,2,COMPLETED,ACTIVE_RENEWAL_DUE,0,0,4136.9,2026-08-24 10:42:00,20,0.99,NO,NO_ACTION,0
TX1988,CUST0340,Priya Singh,priya.singh27@example.com,New,1499.0,INR,FAILED,card_expired,UPI,1,1,COMPLETED,NONE,4,0,1364.02,2026-08-17 07:41:36,47,0.17,NO,SEND_PAYMENT_REMINDER,0
TX1989,CUST0174,Shweta Reddy,shweta.reddy46@example.com,Standard,7999.97,INR,SUCCESS,none,Credit Card,14,1,COMPLETED,ACTIVE_RENEWAL_DUE,0,0,31354.03,2026-07-31 11:33:40,10,0.99,NO,NO_ACTION,0
TX1990,CUST0431,Ananya Nair,ananya.nair16@example.com,VIP,4999.83,INR,FAILED,insufficient_funds,UPI,43,0,COMPLETED,NONE,4,0,177588.91,2026-08-13 09:59:56,29,0.655,YES,SEND_PAYMENT_REMINDER,0
TX1991,CUST0178,Arjun Bansal,arjun.bansal23@example.com,Standard,1499.75,INR,FAILED,insufficient_funds,UPI,4,0,COMPLETED,NONE,1,0,40706.39,2026-07-30 22:42:47,28,0.575,YES,SEND_PAYMENT_REMINDER,1
TX1992,CUST0325,Alok Saxena,alok.saxena90@example.com,Standard,4999.6,INR,FAILED,card_expired,UPI,11,4,COMPLETED,NONE,5,2,17928.33,2026-07-30 10:04:53,74,0.01,NO,CREATE_ESCALATION,0
TX1993,CUST0158,Shweta Nair,shweta.nair62@example.com,Standard,999.87,INR,ABANDONED,checkout_dropoff,Credit Card,7,4,PAYMENT_PAGE_DROPOFF,NONE,0,0,40365.39,2026-08-08 10:50:05,27,0.6005,YES,SEND_CHECKOUT_REMINDER,1
TX1994,CUST0153,Manish Verma,manish.verma52@example.com,VIP,24999.86,INR,FAILED,velocity_limit_exceeded,UPI,37,1,COMPLETED,NONE,7,2,58817.35,2026-08-17 15:02:45,94,0.01,NO,CREATE_ESCALATION,0
TX1995,CUST0244,Gaurav Mehta,gaurav.mehta44@example.com,Standard,1499.63,INR,FAILED,network_timeout,Debit Card,13,2,COMPLETED,NONE,4,3,25354.88,2026-08-17 15:32:16,54,0.415,NO,CREATE_ESCALATION,0
TX1996,CUST0400,Arjun Mehta,arjun.mehta40@example.com,New,4999.26,INR,SUCCESS,none,Credit Card,2,2,COMPLETED,ACTIVE_RENEWAL_DUE,0,0,977.83,2026-08-13 09:45:36,17,0.99,NO,NO_ACTION,0
TX1997,CUST0411,Karan Roy,karan.roy27@example.com,Standard,2499.04,INR,FAILED,issuer_down,Credit Card,10,0,COMPLETED,NONE,1,1,6812.13,2026-08-23 10:21:15,11,0.925,YES,RETRY_PAYMENT,1
TX1998,CUST0410,Arjun Bhatia,arjun.bhatia28@example.com,New,4999.04,INR,ABANDONED,checkout_dropoff,UPI,1,2,PAYMENT_PAGE_DROPOFF,NONE,0,0,4725.27,2026-08-07 11:40:32,33,0.605,YES,SEND_CHECKOUT_REMINDER,1
TX1999,CUST0368,Rahul Gupta,rahul.gupta59@example.com,New,7999.62,INR,FAILED,card_expired,UPI,1,1,COMPLETED,CHURN_RISK,1,0,3844.88,2026-08-07 15:14:16,54,0.17,NO,SEND_PAYMENT_REMINDER,0
TX2000,CUST0151,Manish Mehta,manish.mehta46@example.com,Standard,499.72,INR,FAILED,issuer_down,UPI,3,4,COMPLETED,PAST_DUE,6,1,11217.92,2026-08-08 00:55:22,17,0.7693,YES,RETRY_SUBSCRIPTION,0
TX2001,CUST0242,Tanvi Nair,tanvi.nair62@example.com,Standard,2499.69,INR,ABANDONED,checkout_dropoff,UPI,6,4,ABANDONED_CART,NONE,0,0,5546.98,2026-07-28 02:35:40,21,0.645,YES,SEND_CHECKOUT_REMINDER,0
TX2002,CUST0381,Karan Gupta,karan.gupta66@example.com,VIP,49999.35,INR,FAILED,issuer_down,Credit Card,14,1,COMPLETED,PAST_DUE,14,0,84531.27,2026-08-17 21:29:11,48,0.715,YES,RETRY_SUBSCRIPTION,0
TX2003,CUST0217,Vikram Iyer,vikram.iyer26@example.com,VIP,39999.09,INR,FAILED,account_closed,UPI,13,2,COMPLETED,NONE,7,1,108427.33,2026-08-04 20:22:49,88,0.065,NO,STOP_RECOVERY,0
TX2004,CUST0280,Manish Malhotra,manish.malhotra99@example.com,VIP,8999.75,INR,SUCCESS,none,UPI,39,1,COMPLETED,ACTIVE_RENEWAL_DUE,0,0,184097.24,2026-08-08 19:22:22,5,0.99,NO,NO_ACTION,0
TX2005,CUST0158,Shweta Nair,shweta.nair62@example.com,Standard,3499.69,INR,FAILED,issuer_down,UPI,7,4,COMPLETED,NONE,2,0,40365.39,2026-08-04 23:45:32,10,0.9205,YES,RETRY_PAYMENT,1
TX2006,CUST0440,Nisha Gupta,nisha.gupta33@example.com,Standard,4999.34,INR,FAILED,insufficient_funds,UPI,13,3,COMPLETED,NONE,2,2,30931.41,2026-08-03 13:48:20,67,0.1869,NO,CREATE_ESCALATION,0
TX2007,CUST0251,Deepak Joshi,deepak.joshi14@example.com,Standard,1499.99,INR,FAILED,webhook_drop,Credit Card,12,1,COMPLETED,NONE,0,0,24813.15,2026-08-24 19:06:56,10,0.9835,YES,RETRY_PAYMENT,1
TX2008,CUST0213,Amit Iyer,amit.iyer50@example.com,Standard,4999.8,INR,FAILED,authentication_failed,UPI,5,0,COMPLETED,NONE,4,0,33851.37,2026-08-02 10:46:43,19,0.775,YES,SEND_PAYMENT_REMINDER,1
TX2009,CUST0385,Nisha Bansal,nisha.bansal80@example.com,VIP,14999.18,INR,FAILED,velocity_limit_exceeded,Credit Card,45,2,COMPLETED,NONE,6,1,123782.23,2026-08-12 17:12:03,65,0.3286,NO,STOP_RECOVERY,0
TX2010,CUST0287,Karan Saxena,karan.saxena86@example.com,Enterprise,8999.36,INR,SUCCESS,none,Debit Card,29,2,COMPLETED,NONE,0,0,409747.43,2026-08-03 13:56:25,15,0.99,NO,NO_ACTION,0
TX2011,CUST0377,Amit Bhatia,amit.bhatia77@example.com,Standard,999.32,INR,FAILED,card_expired,UPI,14,0,COMPLETED,CHURN_RISK,4,1,27956.87,2026-08-24 10:00:17,47,0.245,NO,SEND_PAYMENT_REMINDER,0
TX2012,CUST0360,Suresh Choudhury,suresh.choudhury59@example.com,Standard,499.8,INR,ABANDONED,checkout_dropoff,Debit Card,8,3,OTP_DROPOFF,NONE,0,0,6741.38,2026-08-11 17:38:18,22,0.6141,YES,SEND_CHECKOUT_REMINDER,0
TX2013,CUST0384,Sneha Bhatia,sneha.bhatia40@example.com,Standard,1499.57,INR,FAILED,issuer_down,Debit Card,3,1,COMPLETED,NONE,7,0,36682.63,2026-08-02 09:25:59,12,0.7475,YES,RETRY_PAYMENT,1
TX2014,CUST0433,Aarav Malhotra,aarav.malhotra70@example.com,New,7999.7,INR,FAILED,authentication_failed,UPI,0,1,COMPLETED,NONE,5,0,3438.02,2026-08-06 02:27:12,29,0.625,YES,SEND_PAYMENT_REMINDER,0
TX2015,CUST0115,Manish Agarwal,manish.agarwal78@example.com,VIP,39999.76,INR,FAILED,authentication_failed,Debit Card,18,0,COMPLETED,NONE,6,0,198997.8,2026-08-10 09:33:44,50,0.685,YES,SEND_PAYMENT_REMINDER,1
TX2016,CUST0220,Pooja Patel,pooja.patel16@example.com,Standard,2499.14,INR,FAILED,card_expired,Credit Card,3,4,COMPLETED,NONE,5,2,30177.83,2026-08-21 22:52:36,74,0.01,NO,CREATE_ESCALATION,0
TX2017,CUST0162,Ananya Reddy,ananya.reddy39@example.com,New,499.52,INR,ABANDONED,checkout_dropoff,Debit Card,1,1,OTP_DROPOFF,NONE,0,0,1873.36,2026-07-28 19:18:31,22,0.58,YES,SEND_CHECKOUT_REMINDER,0
TX2018,CUST0192,Varun Sharma,varun.sharma33@example.com,VIP,14999.72,INR,FAILED,insufficient_funds,Debit Card,37,0,COMPLETED,NONE,1,2,223370.27,2026-07-27 13:24:36,72,0.245,NO,CREATE_ESCALATION,0
TX2019,CUST0343,Vikram Singh,vikram.singh15@example.com,Enterprise,2499.31,INR,FAILED,issuer_down,UPI,59,1,COMPLETED,NONE,6,2,388473.2,2026-08-05 23:21:06,36,0.5725,NO,CREATE_ESCALATION,0
TX2020,CUST0280,Manish Malhotra,manish.malhotra99@example.com,VIP,8999.45,INR,FAILED,authentication_failed,Wallet,39,1,COMPLETED,NONE,4,0,184097.24,2026-08-14 15:56:40,18,0.8013,YES,SEND_PAYMENT_REMINDER,1
TX2021,CUST0187,Arjun Saxena,arjun.saxena10@example.com,New,499.0,INR,FAILED,webhook_drop,UPI,0,2,COMPLETED,NONE,0,2,2211.71,2026-08-25 05:28:18,42,0.535,NO,CREATE_ESCALATION,0
TX2022,CUST0197,Varun Reddy,varun.reddy87@example.com,Standard,3499.22,INR,FAILED,processor_error,Credit Card,6,2,COMPLETED,NONE,2,1,11711.57,2026-08-10 14:53:03,21,0.8375,YES,RETRY_PAYMENT,0
TX2023,CUST0191,Preeti Mehta,preeti.mehta85@example.com,New,2499.03,INR,FAILED,webhook_drop,Credit Card,2,0,COMPLETED,NONE,1,2,4581.18,2026-08-20 02:31:10,30,0.635,NO,CREATE_ESCALATION,0
TX2024,CUST0403,Ritu Kapoor,ritu.kapoor69@example.com,Enterprise,14999.19,INR,FAILED,velocity_limit_exceeded,Credit Card,25,3,COMPLETED,NONE,5,2,498387.76,2026-08-22 16:20:42,86,0.0789,NO,CREATE_ESCALATION,0
TX2025,CUST0443,Pooja Singh,pooja.singh10@example.com,New,1499.14,INR,SUCCESS,none,Credit Card,1,1,COMPLETED,ACTIVE_RENEWAL_DUE,0,0,4711.21,2026-08-05 19:47:12,11,0.99,NO,NO_ACTION,0
TX2026,CUST0307,Alok Chopra,alok.chopra28@example.com,New,2499.8,INR,SUCCESS,none,UPI,1,0,COMPLETED,NONE,0,0,1316.33,2026-07-28 10:23:19,7,0.99,NO,NO_ACTION,0
TX2027,CUST0440,Nisha Gupta,nisha.gupta33@example.com,Standard,3499.57,INR,FAILED,webhook_drop,Credit Card,13,3,COMPLETED,NONE,6,1,30931.41,2026-08-23 00:43:24,16,0.8469,YES,RETRY_PAYMENT,1
TX2028,CUST0202,Shweta Bhatia,shweta.bhatia72@example.com,VIP,14999.43,INR,FAILED,processor_error,UPI,31,0,COMPLETED,NONE,0,0,219915.13,2026-08-14 11:08:36,19,0.99,YES,RETRY_PAYMENT,1
TX2029,CUST0248,Varun Bansal,varun.bansal52@example.com,New,3499.82,INR,FAILED,authentication_failed,Debit Card,1,2,COMPLETED,NONE,1,0,2679.54,2026-08-16 15:23:18,27,0.625,YES,SEND_PAYMENT_REMINDER,0
TX2030,CUST0125,Manish Saxena,manish.saxena18@example.com,New,1499.38,INR,FAILED,processor_error,Credit Card,0,2,COMPLETED,NONE,0,2,2686.96,2026-07-28 02:10:07,52,0.365,NO,CREATE_ESCALATION,0
TX2031,CUST0192,Varun Sharma,varun.sharma33@example.com,VIP,2499.9,INR,FAILED,network_timeout,Credit Card,37,0,COMPLETED,NONE,2,2,223370.27,2026-08-16 02:35:42,33,0.695,NO,CREATE_ESCALATION,0
TX2032,CUST0393,Sneha Saxena,sneha.saxena87@example.com,New,2499.2,INR,ABANDONED,checkout_dropoff,Credit Card,0,0,PAYMENT_PAGE_DROPOFF,NONE,0,0,3464.3,2026-07-27 03:24:21,27,0.505,YES,SEND_CHECKOUT_REMINDER,1
TX2033,CUST0270,Aditi Saxena,aditi.saxena51@example.com,Standard,7999.23,INR,SUCCESS,none,Wallet,4,0,COMPLETED,ACTIVE_RENEWAL_DUE,0,0,41385.11,2026-08-25 06:52:50,6,0.99,NO,NO_ACTION,0
TX2034,CUST0180,Preeti Gupta,preeti.gupta81@example.com,Standard,4999.26,INR,SUCCESS,none,UPI,14,3,COMPLETED,ACTIVE_RENEWAL_DUE,0,0,31703.11,2026-08-03 01:25:25,11,0.99,NO,NO_ACTION,0
TX2035,CUST0435,Preeti Patel,preeti.patel14@example.com,Standard,4999.01,INR,FAILED,card_expired,Debit Card,5,4,COMPLETED,PAST_DUE,5,1,34547.46,2026-08-03 20:27:43,66,0.1283,NO,SEND_PAYMENT_REMINDER,0
TX2036,CUST0408,Meera Reddy,meera.reddy67@example.com,Standard,499.69,INR,FAILED,issuer_down,UPI,6,0,COMPLETED,NONE,3,0,20453.95,2026-08-16 10:47:45,10,0.975,YES,RETRY_PAYMENT,1
TX2037,CUST0194,Rahul Deshmukh,rahul.deshmukh79@example.com,Standard,4999.25,INR,ABANDONED,checkout_dropoff,Credit Card,3,3,OTP_DROPOFF,NONE,0,0,5775.33,2026-07-31 16:40:59,30,0.58,YES,SEND_CHECKOUT_REMINDER,1
TX2038,CUST0246,Karan Roy,karan.roy63@example.com,Standard,7999.12,INR,FAILED,processor_error,Net Banking,4,0,COMPLETED,ACTIVE_RENEWAL_DUE,2,0,16049.9,2026-08-03 12:27:31,14,0.875,YES,RETRY_SUBSCRIPTION,1
TX2039,CUST0119,Suresh Iyer,suresh.iyer97@example.com,New,999.04,INR,FAILED,account_closed,Credit Card,0,2,COMPLETED,NONE,1,1,3743.25,2026-07-29 22:54:24,64,0.01,NO,STOP_RECOVERY,0
TX2040,CUST0174,Shweta Reddy,shweta.reddy46@example.com,Standard,4999.92,INR,FAILED,issuer_down,UPI,14,1,COMPLETED,ACTIVE_RENEWAL_DUE,13,0,31354.03,2026-08-18 17:57:01,19,0.705,YES,RETRY_SUBSCRIPTION,1
TX2041,CUST0179,Alok Deshmukh,alok.deshmukh41@example.com,Enterprise,4999.35,INR,FAILED,webhook_drop,UPI,59,3,COMPLETED,NONE,0,0,120087.35,2026-08-24 04:28:39,10,0.99,YES,RETRY_PAYMENT,1
TX2042,CUST0422,Suresh Reddy,suresh.reddy50@example.com,Standard,2499.03,INR,FAILED,issuer_down,UPI,12,3,COMPLETED,NONE,3,1,26019.09,2026-08-15 09:56:52,10,0.945,YES,RETRY_PAYMENT,0
TX2043,CUST0130,Ananya Saxena,ananya.saxena14@example.com,Enterprise,24999.53,INR,ABANDONED,checkout_dropoff,UPI,19,0,ABANDONED_CART,NONE,0,0,191576.71,2026-07-28 15:04:25,45,0.785,YES,SEND_CHECKOUT_REMINDER,1
TX2044,CUST0120,Manish Malhotra,manish.malhotra65@example.com,New,999.01,INR,FAILED,card_expired,UPI,2,1,COMPLETED,NONE,0,2,1001.98,2026-07-29 18:54:35,74,0.01,NO,CREATE_ESCALATION,0
TX2045,CUST0119,Suresh Iyer,suresh.iyer97@example.com,New,4999.82,INR,FAILED,processor_error,Credit Card,0,2,COMPLETED,NONE,6,0,3743.25,2026-07-28 21:24:16,33,0.605,YES,RETRY_PAYMENT,1
TX2046,CUST0352,Preeti Gupta,preeti.gupta27@example.com,New,4999.45,INR,SUCCESS,none,Credit Card,2,1,COMPLETED,NONE,0,0,4061.21,2026-08-06 00:41:04,19,0.99,NO,NO_ACTION,0
TX2047,CUST0375,Simran Roy,simran.roy40@example.com,Standard,1499.63,INR,FAILED,fraud_blocked,Net Banking,9,0,COMPLETED,NONE,6,3,10049.2,2026-08-02 09:20:38,78,0.01,NO,CREATE_ESCALATION,0
TX2048,CUST0254,Vikram Patel,vikram.patel60@example.com,Standard,4999.87,INR,FAILED,issuer_down,UPI,6,2,COMPLETED,PAST_DUE,3,1,29930.38,2026-08-09 11:19:49,11,0.9375,YES,RETRY_SUBSCRIPTION,1
TX2049,CUST0314,Tanvi Verma,tanvi.verma42@example.com,VIP,14999.46,INR,FAILED,issuer_down,Credit Card,29,0,COMPLETED,NONE,6,0,203469.91,2026-08-09 05:50:37,22,0.885,YES,RETRY_PAYMENT,1
TX2050,CUST0200,Rohan Saxena,rohan.saxena48@example.com,Standard,7999.61,INR,SUCCESS,none,Net Banking,12,1,COMPLETED,ACTIVE_RENEWAL_DUE,0,0,9076.05,2026-08-17 13:16:48,16,0.99,NO,NO_ACTION,0
TX2051,CUST0430,Preeti Malhotra,preeti.malhotra85@example.com,Standard,2499.11,INR,ABANDONED,checkout_dropoff,UPI,4,0,PAYMENT_PAGE_DROPOFF,NONE,0,0,29627.08,2026-08-07 11:00:59,24,0.705,YES,SEND_CHECKOUT_REMINDER,0
TX2052,CUST0420,Siddharth Deshmukh,siddharth.deshmukh88@example.com,Enterprise,8999.55,INR,FAILED,processor_error,UPI,59,1,COMPLETED,NONE,6,2,264150.96,2026-08-01 15:45:15,44,0.5225,NO,CREATE_ESCALATION,0
TX2053,CUST0391,Neha Choudhury,neha.choudhury80@example.com,New,4999.67,INR,FAILED,card_expired,Credit Card,0,1,COMPLETED,CHURN_RISK,7,0,1383.36,2026-08-03 20:58:10,61,0.01,NO,SEND_PAYMENT_REMINDER,0
TX2054,CUST0226,Amit Roy,amit.roy46@example.com,Standard,2499.31,INR,SUCCESS,none,Net Banking,2,1,COMPLETED,NONE,0,0,16524.2,2026-07-30 14:10:43,8,0.99,NO,NO_ACTION,0
TX2055,CUST0134,Amit Verma,amit.verma53@example.com,Standard,7999.86,INR,FAILED,account_closed,UPI,12,0,COMPLETED,NONE,1,0,7424.51,2026-07-26 22:25:14,63,0.145,NO,STOP_RECOVERY,0
TX2056,CUST0258,Alok Gupta,alok.gupta15@example.com,Standard,1499.58,INR,FAILED,issuer_down,Debit Card,13,2,COMPLETED,PAST_DUE,6,1,41136.96,2026-08-06 13:29:45,17,0.785,YES,RETRY_SUBSCRIPTION,0
TX2057,CUST0182,Divya Malhotra,divya.malhotra41@example.com,Standard,2499.12,INR,SUCCESS,none,Net Banking,4,3,COMPLETED,ACTIVE_RENEWAL_DUE,0,0,23002.79,2026-07-31 05:37:52,10,0.99,NO,NO_ACTION,0
TX2058,CUST0388,Rajesh Patel,rajesh.patel80@example.com,Standard,1499.68,INR,SUCCESS,none,Credit Card,12,4,COMPLETED,NONE,0,0,18780.59,2026-08-09 18:16:04,9,0.99,NO,NO_ACTION,0
TX2059,CUST0328,Aditi Bhatia,aditi.bhatia21@example.com,New,2499.47,INR,FAILED,fraud_blocked,UPI,0,2,COMPLETED,NONE,0,1,4389.13,2026-07-27 20:31:53,71,0.01,NO,STOP_RECOVERY,0
TX2060,CUST0194,Rahul Deshmukh,rahul.deshmukh79@example.com,Standard,2499.94,INR,FAILED,card_expired,UPI,3,3,COMPLETED,NONE,5,3,5775.33,2026-07-27 06:28:33,74,0.01,NO,CREATE_ESCALATION,0
TX2061,CUST0447,Preeti Chopra,preeti.chopra71@example.com,Standard,7999.95,INR,FAILED,card_expired,UPI,5,1,COMPLETED,NONE,5,0,43294.42,2026-07-31 03:48:32,54,0.22,NO,SEND_PAYMENT_REMINDER,0
TX2062,CUST0354,Amit Roy,amit.roy29@example.com,VIP,14999.98,INR,FAILED,authentication_failed,UPI,15,0,COMPLETED,NONE,4,0,101184.79,2026-08-22 09:44:00,30,0.855,YES,SEND_PAYMENT_REMINDER,1
TX2063,CUST0264,Varun Chopra,varun.chopra48@example.com,Standard,999.69,INR,FAILED,insufficient_funds,Net Banking,8,2,COMPLETED,NONE,6,0,23273.43,2026-07-28 05:37:37,38,0.375,YES,SEND_PAYMENT_REMINDER,1
TX2064,CUST0383,Manish Chopra,manish.chopra91@example.com,New,3499.01,INR,FAILED,velocity_limit_exceeded,UPI,2,2,COMPLETED,NONE,4,0,4672.96,2026-08-21 20:02:52,42,0.35,YES,STOP_RECOVERY,0
TX2065,CUST0239,Shweta Malhotra,shweta.malhotra89@example.com,Standard,7999.51,INR,SUCCESS,none,Credit Card,2,1,COMPLETED,ACTIVE_RENEWAL_DUE,0,0,25737.58,2026-08-05 17:50:10,18,0.99,NO,NO_ACTION,0
TX2066,CUST0276,Rahul Saxena,rahul.saxena39@example.com,Standard,1499.55,INR,FAILED,insufficient_funds,UPI,12,2,COMPLETED,NONE,4,0,9333.84,2026-08-06 01:28:16,24,0.5536,YES,SEND_PAYMENT_REMINDER,0
TX2067,CUST0264,Varun Chopra,varun.chopra48@example.com,Standard,499.8,INR,FAILED,issuer_down,Net Banking,8,2,COMPLETED,ACTIVE_RENEWAL_DUE,4,0,23273.43,2026-08-22 13:10:08,10,0.895,YES,RETRY_SUBSCRIPTION,1
TX2068,CUST0222,Meera Deshmukh,meera.deshmukh76@example.com,Standard,499.72,INR,ABANDONED,checkout_dropoff,Debit Card,14,4,PAYMENT_PAGE_DROPOFF,NONE,0,0,14027.49,2026-08-21 14:02:10,27,0.6217,YES,SEND_CHECKOUT_REMINDER,1
TX2069,CUST0180,Preeti Gupta,preeti.gupta81@example.com,Standard,2499.62,INR,FAILED,issuer_down,Credit Card,14,3,COMPLETED,NONE,1,1,31703.11,2026-08-24 15:26:35,11,0.8985,YES,RETRY_PAYMENT,1
TX2070,CUST0142,Kavita Choudhury,kavita.choudhury75@example.com,New,499.0,INR,FAILED,insufficient_funds,UPI,2,0,COMPLETED,ACTIVE_RENEWAL_DUE,4,0,755.96,2026-08-17 05:19:20,24,0.575,YES,RETRY_SUBSCRIPTION,0
TX2071,CUST0199,Preeti Chopra,preeti.chopra35@example.com,Standard,2499.6,INR,FAILED,network_timeout,Credit Card,8,3,COMPLETED,NONE,4,1,42658.82,2026-08-01 14:14:06,11,0.9341,YES,RETRY_PAYMENT,1
TX2072,CUST0141,Aditi Saxena,aditi.saxena84@example.com,Standard,999.87,INR,FAILED,network_timeout,UPI,2,2,COMPLETED,NONE,3,1,7286.61,2026-08-01 14:32:16,10,0.95,YES,RETRY_PAYMENT,1
TX2073,CUST0217,Vikram Iyer,vikram.iyer26@example.com,VIP,24999.29,INR,FAILED,webhook_drop,UPI,13,2,COMPLETED,NONE,4,0,108427.33,2026-08-14 17:35:34,32,0.99,YES,RETRY_PAYMENT,1
TX2074,CUST0436,Preeti Singh,preeti.singh14@example.com,Standard,1499.75,INR,FAILED,card_expired,Net Banking,15,1,COMPLETED,NONE,1,0,42356.9,2026-08-16 04:19:17,51,0.1856,NO,SEND_PAYMENT_REMINDER,0
TX2075,CUST0141,Aditi Saxena,aditi.saxena84@example.com,Standard,2499.01,INR,ABANDONED,checkout_dropoff,Credit Card,2,2,ABANDONED_CART,NONE,0,0,7286.61,2026-08-22 15:11:59,26,0.58,YES,SEND_CHECKOUT_REMINDER,0
TX2076,CUST0286,Ananya Mehta,ananya.mehta80@example.com,New,499.56,INR,ABANDONED,checkout_dropoff,Credit Card,0,0,PAYMENT_PAGE_DROPOFF,NONE,0,0,4234.18,2026-08-13 20:08:38,29,0.505,YES,SEND_CHECKOUT_REMINDER,0
TX2077,CUST0346,Amit Agarwal,amit.agarwal30@example.com,New,2499.31,INR,SUCCESS,none,UPI,1,2,COMPLETED,NONE,0,0,2873.57,2026-08-04 16:21:25,12,0.99,NO,NO_ACTION,0
TX2078,CUST0401,Amit Gupta,amit.gupta47@example.com,Standard,2499.46,INR,FAILED,velocity_limit_exceeded,UPI,5,1,COMPLETED,NONE,6,0,8872.47,2026-08-16 09:36:06,42,0.28,NO,STOP_RECOVERY,0
TX2079,CUST0298,Divya Kapoor,divya.kapoor50@example.com,New,999.78,INR,FAILED,insufficient_funds,UPI,1,1,COMPLETED,NONE,2,0,3783.26,2026-07-27 09:48:16,35,0.5,YES,SEND_PAYMENT_REMINDER,1
TX2080,CUST0195,Aditi Bhatia,aditi.bhatia41@example.com,Enterprise,14999.15,INR,FAILED,authentication_failed,UPI,19,0,COMPLETED,NONE,0,0,401693.28,2026-07-27 03:58:46,24,0.855,YES,SEND_PAYMENT_REMINDER,1
TX2081,CUST0411,Karan Roy,karan.roy27@example.com,Standard,7999.16,INR,SUCCESS,none,Debit Card,10,0,COMPLETED,NONE,0,0,6812.13,2026-08-08 15:50:08,16,0.99,NO,NO_ACTION,0
TX2082,CUST0155,Deepak Deshmukh,deepak.deshmukh98@example.com,Standard,2499.6,INR,FAILED,network_timeout,UPI,3,0,COMPLETED,NONE,7,2,42802.04,2026-08-05 08:56:33,46,0.525,NO,CREATE_ESCALATION,0
TX2083,CUST0274,Simran Joshi,simran.joshi60@example.com,New,2499.61,INR,FAILED,insufficient_funds,Credit Card,2,1,COMPLETED,NONE,4,0,906.36,2026-08-16 04:42:02,38,0.475,YES,SEND_PAYMENT_REMINDER,1
TX2084,CUST0343,Vikram Singh,vikram.singh15@example.com,Enterprise,14999.24,INR,SUCCESS,none,UPI,59,1,COMPLETED,NONE,0,0,388473.2,2026-08-09 02:04:31,15,0.99,NO,NO_ACTION,0
TX2085,CUST0425,Ananya Chopra,ananya.chopra72@example.com,New,7999.28,INR,FAILED,fraud_blocked,Net Banking,2,0,COMPLETED,NONE,5,1,3606.08,2026-08-24 20:23:57,72,0.075,NO,STOP_RECOVERY,0
TX2086,CUST0218,Rajesh Bansal,rajesh.bansal71@example.com,VIP,49999.81,INR,FAILED,network_timeout,Debit Card,10,2,COMPLETED,NONE,7,2,106867.87,2026-08-13 22:56:16,67,0.53,NO,CREATE_ESCALATION,0
TX2087,CUST0265,Karan Joshi,karan.joshi55@example.com,New,3499.89,INR,SUCCESS,none,UPI,0,0,COMPLETED,ACTIVE_RENEWAL_DUE,0,0,2216.14,2026-08-10 09:39:22,7,0.975,NO,NO_ACTION,0
TX2088,CUST0331,Aditi Agarwal,aditi.agarwal92@example.com,VIP,49999.27,INR,FAILED,network_timeout,UPI,31,2,COMPLETED,NONE,0,0,66865.83,2026-08-01 11:16:12,28,0.99,YES,RETRY_PAYMENT,1
TX2089,CUST0348,Simran Bhatia,simran.bhatia46@example.com,Standard,1499.48,INR,FAILED,authentication_failed,Credit Card,3,4,COMPLETED,NONE,3,2,39046.64,2026-08-19 04:25:54,56,0.2793,NO,CREATE_ESCALATION,0
TX2090,CUST0132,Meera Mehta,meera.mehta70@example.com,Standard,7999.5,INR,FAILED,card_expired,Debit Card,11,4,COMPLETED,NONE,6,0,23906.84,2026-08-01 12:32:17,65,0.035,NO,SEND_PAYMENT_REMINDER,0
TX2091,CUST0252,Vikram Choudhury,vikram.choudhury66@example.com,New,7999.42,INR,FAILED,issuer_down,UPI,1,0,COMPLETED,NONE,2,0,4433.86,2026-08-15 05:21:22,12,0.975,YES,RETRY_PAYMENT,1
TX2092,CUST0156,Manish Mehta,manish.mehta28@example.com,Standard,999.7,INR,FAILED,network_timeout,Net Banking,15,2,COMPLETED,NONE,2,1,28300.38,2026-08-09 08:27:30,10,0.9574,YES,RETRY_PAYMENT,1
TX2093,CUST0383,Manish Chopra,manish.chopra91@example.com,New,7999.71,INR,FAILED,webhook_drop,Credit Card,2,2,COMPLETED,NONE,6,1,4672.96,2026-07-30 22:14:28,27,0.8,YES,RETRY_PAYMENT,1
TX2094,CUST0430,Preeti Malhotra,preeti.malhotra85@example.com,Standard,3499.04,INR,FAILED,account_closed,UPI,4,0,COMPLETED,NONE,2,0,29627.08,2026-08-12 15:25:24,52,0.145,NO,STOP_RECOVERY,0
TX2095,CUST0221,Vikram Mehta,vikram.mehta25@example.com,New,1499.33,INR,FAILED,authentication_failed,UPI,1,0,COMPLETED,NONE,1,0,4972.63,2026-08-06 11:36:26,14,0.775,YES,SEND_PAYMENT_REMINDER,0
TX2096,CUST0180,Preeti Gupta,preeti.gupta81@example.com,Standard,999.44,INR,FAILED,insufficient_funds,Credit Card,14,3,COMPLETED,NONE,4,0,31703.11,2026-07-29 08:36:01,31,0.4985,YES,SEND_PAYMENT_REMINDER,1
TX2097,CUST0216,Gaurav Reddy,gaurav.reddy78@example.com,Standard,7999.23,INR,FAILED,insufficient_funds,Credit Card,7,1,COMPLETED,NONE,2,0,17090.7,2026-07-27 22:32:45,40,0.5062,YES,SEND_PAYMENT_REMINDER,1
TX2098,CUST0249,Meera Malhotra,meera.malhotra40@example.com,Standard,4999.41,INR,FAILED,authentication_failed,Credit Card,7,1,COMPLETED,NONE,3,1,44230.99,2026-08-15 18:19:17,28,0.7063,YES,SEND_PAYMENT_REMINDER,1
TX2099,CUST0142,Kavita Choudhury,kavita.choudhury75@example.com,New,7999.16,INR,FAILED,fraud_blocked,Credit Card,2,0,COMPLETED,NONE,0,2,755.96,2026-08-06 17:13:27,76,0.01,NO,CREATE_ESCALATION,0
TX2100,CUST0299,Divya Kapoor,divya.kapoor70@example.com,Standard,3499.25,INR,FAILED,processor_error,UPI,7,1,COMPLETED,NONE,4,0,32472.84,2026-08-01 17:19:15,10,0.9063,YES,RETRY_PAYMENT,1
TX2101,CUST0434,Kavita Reddy,kavita.reddy17@example.com,New,999.18,INR,FAILED,account_closed,Credit Card,1,1,COMPLETED,NONE,1,1,1784.37,2026-08-18 18:35:28,67,0.02,NO,STOP_RECOVERY,0
TX2102,CUST0253,Pooja Choudhury,pooja.choudhury93@example.com,New,3499.81,INR,FAILED,webhook_drop,Debit Card,0,2,COMPLETED,NONE,0,1,1148.7,2026-08-15 21:36:27,15,0.845,YES,RETRY_PAYMENT,1
TX2103,CUST0107,Ritu Agarwal,ritu.agarwal90@example.com,Standard,1499.2,INR,SUCCESS,none,UPI,8,0,COMPLETED,ACTIVE_RENEWAL_DUE,0,0,27081.63,2026-08-01 02:26:27,15,0.99,NO,NO_ACTION,0
TX2104,CUST0335,Shweta Joshi,shweta.joshi52@example.com,Standard,999.91,INR,FAILED,issuer_down,Wallet,13,4,COMPLETED,NONE,4,1,39931.19,2026-08-13 17:29:04,10,0.8897,YES,RETRY_PAYMENT,1
TX2105,CUST0101,Rajesh Gupta,rajesh.gupta23@example.com,VIP,49999.01,INR,FAILED,authentication_failed,Net Banking,27,0,COMPLETED,NONE,0,0,94642.15,2026-08-14 06:03:30,46,0.805,YES,SEND_PAYMENT_REMINDER,1
TX2106,CUST0289,Pooja Sharma,pooja.sharma12@example.com,VIP,14999.73,INR,FAILED,network_timeout,UPI,32,0,COMPLETED,NONE,4,0,167770.58,2026-08-01 09:32:41,22,0.99,YES,RETRY_PAYMENT,1
TX2107,CUST0235,Rajesh Bansal,rajesh.bansal51@example.com,New,7999.91,INR,FAILED,account_closed,Credit Card,1,1,COMPLETED,NONE,0,2,2337.57,2026-08-23 15:23:45,74,0.01,NO,CREATE_ESCALATION,0
TX2108,CUST0221,Vikram Mehta,vikram.mehta25@example.com,New,4999.55,INR,FAILED,issuer_down,Credit Card,1,0,COMPLETED,NONE,7,0,4972.63,2026-08-22 06:24:57,14,0.785,YES,RETRY_PAYMENT,1
TX2109,CUST0116,Rahul Saxena,rahul.saxena27@example.com,Standard,2499.41,INR,SUCCESS,none,UPI,11,3,COMPLETED,NONE,0,0,19479.86,2026-08-08 15:34:12,7,0.99,NO,NO_ACTION,0
TX2110,CUST0244,Gaurav Mehta,gaurav.mehta44@example.com,Standard,999.79,INR,FAILED,insufficient_funds,Debit Card,13,2,COMPLETED,NONE,4,3,25354.88,2026-08-17 05:45:58,75,0.01,NO,CREATE_ESCALATION,0
TX2111,CUST0433,Aarav Malhotra,aarav.malhotra70@example.com,New,7999.43,INR,SUCCESS,none,UPI,0,1,COMPLETED,ACTIVE_RENEWAL_DUE,0,0,3438.02,2026-08-12 13:41:30,12,0.975,NO,NO_ACTION,0
TX2112,CUST0125,Manish Saxena,manish.saxena18@example.com,New,1499.45,INR,FAILED,account_closed,UPI,0,2,COMPLETED,NONE,2,0,2686.96,2026-07-29 07:50:19,59,0.01,NO,STOP_RECOVERY,0
TX2113,CUST0309,Arjun Deshmukh,arjun.deshmukh51@example.com,Standard,2499.97,INR,FAILED,processor_error,UPI,4,2,COMPLETED,ACTIVE_RENEWAL_DUE,14,1,17465.49,2026-08-07 17:27:36,34,0.595,YES,RETRY_SUBSCRIPTION,1
TX2114,CUST0322,Rohan Choudhury,rohan.choudhury54@example.com,Standard,999.33,INR,FAILED,insufficient_funds,UPI,10,4,COMPLETED,NONE,7,0,12756.15,2026-08-03 06:29:00,34,0.3921,YES,SEND_PAYMENT_REMINDER,1
TX2115,CUST0360,Suresh Choudhury,suresh.choudhury59@example.com,Standard,999.59,INR,FAILED,issuer_down,Net Banking,8,3,COMPLETED,NONE,2,2,6741.38,2026-08-25 03:44:00,43,0.5241,NO,CREATE_ESCALATION,0
TX2116,CUST0315,Priya Kapoor,priya.kapoor26@example.com,VIP,24999.04,INR,FAILED,issuer_down,Net Banking,41,2,COMPLETED,NONE,0,0,136131.0,2026-08-25 09:20:31,32,0.99,YES,RETRY_PAYMENT,1
TX2117,CUST0272,Gaurav Singh,gaurav.singh47@example.com,Standard,7999.79,INR,FAILED,account_closed,Credit Card,15,3,COMPLETED,NONE,6,0,43695.36,2026-08-05 10:31:48,69,0.01,NO,STOP_RECOVERY,0
TX2118,CUST0155,Deepak Deshmukh,deepak.deshmukh98@example.com,Standard,999.83,INR,FAILED,insufficient_funds,UPI,3,0,COMPLETED,ACTIVE_RENEWAL_DUE,12,0,42802.04,2026-08-14 23:47:19,41,0.335,NO,RETRY_SUBSCRIPTION,0
TX2119,CUST0257,Shweta Chopra,shweta.chopra22@example.com,New,7999.21,INR,ABANDONED,checkout_dropoff,UPI,2,0,ABANDONED_CART,NONE,0,0,2452.87,2026-08-07 20:35:07,22,0.705,YES,SEND_CHECKOUT_REMINDER,1
TX2120,CUST0162,Ananya Reddy,ananya.reddy39@example.com,New,4999.07,INR,FAILED,processor_error,UPI,1,1,COMPLETED,NONE,1,0,1873.36,2026-08-20 12:05:31,10,0.85,YES,RETRY_PAYMENT,1
TX2121,CUST0276,Rahul Saxena,rahul.saxena39@example.com,Standard,2499.61,INR,SUCCESS,none,UPI,12,2,COMPLETED,NONE,0,0,9333.84,2026-08-01 22:15:43,20,0.99,NO,NO_ACTION,0
TX2122,CUST0117,Suresh Bansal,suresh.bansal30@example.com,VIP,8999.69,INR,FAILED,insufficient_funds,Credit Card,13,0,COMPLETED,PAST_DUE,13,0,80568.26,2026-08-06 05:15:25,49,0.345,NO,RETRY_SUBSCRIPTION,0
TX2123,CUST0280,Manish Malhotra,manish.malhotra99@example.com,VIP,2499.38,INR,SUCCESS,none,Net Banking,39,1,COMPLETED,NONE,0,0,184097.24,2026-08-16 05:16:11,20,0.99,NO,NO_ACTION,0
TX2124,CUST0230,Preeti Chopra,preeti.chopra44@example.com,Standard,4999.82,INR,ABANDONED,checkout_dropoff,Credit Card,9,2,ABANDONED_CART,NONE,0,0,32989.35,2026-07-29 03:54:49,27,0.6277,YES,SEND_CHECKOUT_REMINDER,0
TX2125,CUST0224,Varun Roy,varun.roy43@example.com,VIP,8999.31,INR,FAILED,insufficient_funds,Credit Card,16,0,COMPLETED,PAST_DUE,4,1,175103.01,2026-08-09 18:03:37,34,0.605,YES,RETRY_SUBSCRIPTION,1
TX2126,CUST0446,Amit Chopra,amit.chopra91@example.com,Enterprise,14999.07,INR,FAILED,authentication_failed,Debit Card,58,2,COMPLETED,NONE,4,1,376116.15,2026-08-23 17:46:00,36,0.8,YES,SEND_PAYMENT_REMINDER,1
TX2127,CUST0400,Arjun Mehta,arjun.mehta40@example.com,New,999.89,INR,FAILED,processor_error,UPI,2,2,COMPLETED,NONE,2,0,977.83,2026-08-11 04:13:45,10,0.85,YES,RETRY_PAYMENT,1
TX2128,CUST0140,Ritu Malhotra,ritu.malhotra37@example.com,Standard,499.38,INR,ABANDONED,checkout_dropoff,UPI,9,1,OTP_DROPOFF,NONE,0,0,12595.91,2026-08-10 06:16:38,23,0.69,YES,SEND_CHECKOUT_REMINDER,0
TX2129,CUST0123,Vikram Bhatia,vikram.bhatia86@example.com,New,7999.68,INR,FAILED,insufficient_funds,UPI,2,2,COMPLETED,ACTIVE_RENEWAL_DUE,12,0,4633.22,2026-08-02 09:02:36,50,0.26,NO,RETRY_SUBSCRIPTION,0
TX2130,CUST0410,Arjun Bhatia,arjun.bhatia28@example.com,New,1499.79,INR,FAILED,processor_error,Credit Card,1,2,COMPLETED,NONE,5,1,4725.27,2026-08-08 19:36:33,15,0.775,YES,RETRY_PAYMENT,1
TX2131,CUST0317,Rohan Joshi,rohan.joshi19@example.com,New,4999.35,INR,FAILED,card_expired,UPI,0,1,COMPLETED,NONE,3,2,584.34,2026-07-29 06:59:38,70,0.01,NO,CREATE_ESCALATION,0
TX2132,CUST0196,Karan Sharma,karan.sharma24@example.com,Standard,3499.37,INR,FAILED,authentication_failed,Credit Card,5,1,COMPLETED,NONE,1,3,23942.44,2026-08-09 01:22:21,68,0.16,NO,CREATE_ESCALATION,0
TX2133,CUST0219,Amit Kapoor,amit.kapoor71@example.com,Enterprise,39999.69,INR,FAILED,authentication_failed,UPI,18,2,COMPLETED,NONE,0,0,476425.44,2026-08-04 16:25:34,41,0.84,YES,SEND_PAYMENT_REMINDER,1
TX2134,CUST0105,Alok Singh,alok.singh53@example.com,Standard,1499.91,INR,FAILED,processor_error,UPI,7,2,COMPLETED,ACTIVE_RENEWAL_DUE,4,1,11219.18,2026-08-20 00:25:53,13,0.8917,YES,RETRY_SUBSCRIPTION,1
TX2135,CUST0299,Divya Kapoor,divya.kapoor70@example.com,Standard,7999.8,INR,FAILED,network_timeout,Credit Card,7,1,COMPLETED,NONE,2,2,32472.84,2026-08-14 11:38:26,43,0.5963,NO,CREATE_ESCALATION,0
TX2136,CUST0138,Sneha Deshmukh,sneha.deshmukh31@example.com,Standard,7999.41,INR,ABANDONED,checkout_dropoff,Credit Card,5,3,ABANDONED_CART,NONE,0,0,41097.71,2026-08-03 02:04:04,36,0.5988,YES,SEND_CHECKOUT_REMINDER,1
TX2137,CUST0322,Rohan Choudhury,rohan.choudhury54@example.com,Standard,2499.03,INR,ABANDONED,checkout_dropoff,UPI,10,4,PAYMENT_PAGE_DROPOFF,NONE,0,0,12756.15,2026-08-05 06:55:48,22,0.6621,YES,SEND_CHECKOUT_REMINDER,1
TX2138,CUST0216,Gaurav Reddy,gaurav.reddy78@example.com,Standard,3499.94,INR,FAILED,account_closed,Debit Card,7,1,COMPLETED,NONE,6,1,17090.7,2026-07-30 11:51:15,66,0.01,NO,STOP_RECOVERY,0
TX2139,CUST0355,Meera Roy,meera.roy25@example.com,Standard,499.41,INR,FAILED,webhook_drop,Debit Card,3,2,COMPLETED,NONE,2,1,14505.61,2026-08-08 15:45:11,10,0.935,YES,RETRY_PAYMENT,1
TX2140,CUST0275,Aarav Iyer,aarav.iyer96@example.com,Standard,1499.91,INR,FAILED,card_expired,UPI,9,2,COMPLETED,PAST_DUE,9,0,31913.14,2026-08-11 17:35:19,59,0.0377,NO,SEND_PAYMENT_REMINDER,0
TX2141,CUST0351,Suresh Bhatia,suresh.bhatia50@example.com,Enterprise,24999.63,INR,FAILED,account_closed,Wallet,20,2,COMPLETED,NONE,4,2,189815.5,2026-08-11 15:45:04,97,0.01,NO,CREATE_ESCALATION,0
TX2142,CUST0223,Arjun Agarwal,arjun.agarwal49@example.com,New,1499.19,INR,FAILED,insufficient_funds,Credit Card,1,2,COMPLETED,NONE,6,0,4955.14,2026-08-06 03:06:31,45,0.305,NO,SEND_PAYMENT_REMINDER,0
TX2143,CUST0172,Arjun Singh,arjun.singh10@example.com,Standard,999.68,INR,FAILED,authentication_failed,Debit Card,6,3,COMPLETED,NONE,5,0,26917.49,2026-08-16 07:46:42,17,0.675,YES,SEND_PAYMENT_REMINDER,0
TX2144,CUST0250,Varun Joshi,varun.joshi70@example.com,Enterprise,49999.63,INR,FAILED,insufficient_funds,Credit Card,41,0,COMPLETED,NONE,7,0,227270.53,2026-08-01 20:18:27,59,0.465,YES,SEND_PAYMENT_REMINDER,0
TX2145,CUST0376,Alok Bhatia,alok.bhatia96@example.com,Standard,499.25,INR,SUCCESS,none,UPI,11,0,COMPLETED,ACTIVE_RENEWAL_DUE,0,0,29203.79,2026-08-03 07:34:54,5,0.99,NO,NO_ACTION,0
TX2146,CUST0135,Nisha Gupta,nisha.gupta33@example.com,Enterprise,14999.45,INR,SUCCESS,none,UPI,27,3,COMPLETED,ACTIVE_RENEWAL_DUE,0,0,156072.92,2026-08-23 16:44:49,18,0.99,NO,NO_ACTION,0
TX2147,CUST0202,Shweta Bhatia,shweta.bhatia72@example.com,VIP,39999.97,INR,FAILED,issuer_down,UPI,31,0,COMPLETED,NONE,7,0,219915.13,2026-08-25 02:54:54,31,0.915,YES,RETRY_PAYMENT,1
TX2148,CUST0128,Alok Reddy,alok.reddy76@example.com,Standard,499.54,INR,FAILED,issuer_down,UPI,8,2,COMPLETED,NONE,1,2,22524.0,2026-07-28 18:46:50,30,0.585,NO,CREATE_ESCALATION,0
TX2149,CUST0131,Simran Kapoor,simran.kapoor37@example.com,VIP,24999.71,INR,FAILED,authentication_failed,UPI,25,1,COMPLETED,NONE,3,0,183795.56,2026-08-05 19:15:19,41,0.8492,YES,SEND_PAYMENT_REMINDER,0
TX2150,CUST0282,Pooja Bansal,pooja.bansal37@example.com,Standard,3499.58,INR,FAILED,processor_error,Debit Card,6,0,COMPLETED,ACTIVE_RENEWAL_DUE,13,2,32611.23,2026-07-31 05:24:19,55,0.255,NO,CREATE_ESCALATION,0
TX2151,CUST0183,Gaurav Iyer,gaurav.iyer45@example.com,New,1499.8,INR,FAILED,processor_error,UPI,2,1,COMPLETED,NONE,3,2,3320.37,2026-08-17 21:18:27,41,0.515,NO,CREATE_ESCALATION,0
TX2152,CUST0213,Amit Iyer,amit.iyer50@example.com,Standard,4999.31,INR,FAILED,network_timeout,UPI,5,0,COMPLETED,NONE,6,0,33851.37,2026-07-26 18:27:37,10,0.905,YES,RETRY_PAYMENT,1
TX2153,CUST0177,Simran Patel,simran.patel99@example.com,Standard,3499.74,INR,FAILED,processor_error,Debit Card,12,4,COMPLETED,NONE,4,0,12777.41,2026-08-07 05:00:05,16,0.8375,YES,RETRY_PAYMENT,1
TX2154,CUST0265,Karan Joshi,karan.joshi55@example.com,New,2499.83,INR,ABANDONED,checkout_dropoff,UPI,0,0,PAYMENT_PAGE_DROPOFF,NONE,0,0,2216.14,2026-08-10 21:37:18,26,0.555,YES,SEND_CHECKOUT_REMINDER,1
TX2155,CUST0294,Rohan Patel,rohan.patel89@example.com,Standard,999.31,INR,FAILED,velocity_limit_exceeded,UPI,4,0,COMPLETED,NONE,3,1,10047.66,2026-08-07 19:03:49,41,0.425,YES,STOP_RECOVERY,0
TX2156,CUST0113,Gaurav Verma,gaurav.verma18@example.com,Enterprise,39999.69,INR,FAILED,processor_error,Credit Card,17,2,COMPLETED,NONE,0,0,260465.91,2026-08-12 13:45:42,28,0.9392,YES,RETRY_PAYMENT,1
TX2157,CUST0329,Tanvi Roy,tanvi.roy15@example.com,Standard,1499.34,INR,FAILED,authentication_failed,Net Banking,9,4,COMPLETED,NONE,4,0,27172.65,2026-07-29 08:35:27,22,0.6788,YES,SEND_PAYMENT_REMINDER,1
TX2158,CUST0201,Simran Roy,simran.roy64@example.com,New,1499.05,INR,FAILED,network_timeout,Debit Card,2,0,COMPLETED,NONE,2,0,2062.42,2026-08-25 01:10:31,10,0.975,YES,RETRY_PAYMENT,1
TX2159,CUST0231,Suresh Malhotra,suresh.malhotra65@example.com,Standard,7999.43,INR,FAILED,card_expired,Credit Card,3,4,COMPLETED,ACTIVE_RENEWAL_DUE,4,0,6594.43,2026-08-04 11:14:57,63,0.1093,NO,SEND_PAYMENT_REMINDER,0
TX2160,CUST0148,Suresh Iyer,suresh.iyer57@example.com,VIP,49999.78,INR,SUCCESS,none,Credit Card,32,0,COMPLETED,NONE,0,0,225854.05,2026-08-12 20:27:27,14,0.99,NO,NO_ACTION,0
TX2161,CUST0381,Karan Gupta,karan.gupta66@example.com,VIP,4999.23,INR,FAILED,insufficient_funds,Credit Card,14,1,COMPLETED,ACTIVE_RENEWAL_DUE,10,1,84531.27,2026-08-08 08:55:45,50,0.395,YES,RETRY_SUBSCRIPTION,1
TX2162,CUST0192,Varun Sharma,varun.sharma33@example.com,VIP,24999.75,INR,ABANDONED,checkout_dropoff,Credit Card,37,0,ABANDONED_CART,NONE,0,0,223370.27,2026-08-19 01:06:06,46,0.735,YES,SEND_CHECKOUT_REMINDER,1
TX2163,CUST0105,Alok Singh,alok.singh53@example.com,Standard,1499.51,INR,FAILED,processor_error,UPI,7,2,COMPLETED,NONE,0,0,11219.18,2026-07-31 19:52:16,10,0.8917,YES,RETRY_PAYMENT,1
TX2164,CUST0412,Deepak Kapoor,deepak.kapoor75@example.com,New,1499.46,INR,FAILED,authentication_failed,Debit Card,2,1,COMPLETED,NONE,1,1,1170.23,2026-08-12 21:21:41,28,0.675,YES,SEND_PAYMENT_REMINDER,1
TX2165,CUST0294,Rohan Patel,rohan.patel89@example.com,Standard,3499.79,INR,ABANDONED,checkout_dropoff,UPI,4,0,PAYMENT_PAGE_DROPOFF,NONE,0,0,10047.66,2026-08-04 06:57:54,22,0.705,YES,SEND_CHECKOUT_REMINDER,0
TX2166,CUST0369,Siddharth Singh,siddharth.singh76@example.com,Standard,3499.35,INR,ABANDONED,checkout_dropoff,Credit Card,9,2,OTP_DROPOFF,NONE,0,0,41972.42,2026-08-15 02:16:24,29,0.6277,YES,SEND_CHECKOUT_REMINDER,1
TX2167,CUST0229,Gaurav Mehta,gaurav.mehta82@example.com,VIP,24999.85,INR,FAILED,webhook_drop,Credit Card,20,1,COMPLETED,NONE,0,0,169008.81,2026-08-07 21:42:27,34,0.99,YES,RETRY_PAYMENT,1
TX2168,CUST0312,Divya Iyer,divya.iyer24@example.com,Enterprise,2499.31,INR,FAILED,account_closed,UPI,47,0,COMPLETED,NONE,0,0,238069.14,2026-08-04 15:49:55,48,0.225,NO,STOP_RECOVERY,0
TX2169,CUST0172,Arjun Singh,arjun.singh10@example.com,Standard,999.14,INR,SUCCESS,none,Credit Card,6,3,COMPLETED,ACTIVE_RENEWAL_DUE,0,0,26917.49,2026-08-04 17:35:56,13,0.99,NO,NO_ACTION,0
TX2170,CUST0350,Preeti Nair,preeti.nair60@example.com,New,1499.87,INR,FAILED,issuer_down,UPI,1,0,COMPLETED,NONE,6,3,2367.04,2026-08-17 01:27:36,61,0.315,NO,CREATE_ESCALATION,0
TX2171,CUST0252,Vikram Choudhury,vikram.choudhury66@example.com,New,2499.88,INR,FAILED,processor_error,UPI,1,0,COMPLETED,ACTIVE_RENEWAL_DUE,10,0,4433.86,2026-08-06 04:34:44,14,0.725,YES,RETRY_SUBSCRIPTION,0
TX2172,CUST0346,Amit Agarwal,amit.agarwal30@example.com,New,1499.91,INR,FAILED,webhook_drop,UPI,1,2,COMPLETED,NONE,1,0,2873.57,2026-08-05 14:49:29,10,0.945,YES,RETRY_PAYMENT,1
TX2173,CUST0423,Sneha Agarwal,sneha.agarwal97@example.com,New,2499.33,INR,ABANDONED,checkout_dropoff,Credit Card,1,2,PAYMENT_PAGE_DROPOFF,NONE,0,0,2094.29,2026-07-27 09:33:35,30,0.555,YES,SEND_CHECKOUT_REMINDER,1
TX2174,CUST0127,Sneha Iyer,sneha.iyer79@example.com,Standard,2499.75,INR,FAILED,insufficient_funds,Debit Card,11,3,COMPLETED,NONE,0,1,43574.52,2026-08-13 05:49:35,39,0.4929,YES,SEND_PAYMENT_REMINDER,1
TX2175,CUST0179,Alok Deshmukh,alok.deshmukh41@example.com,Enterprise,39999.71,INR,ABANDONED,checkout_dropoff,Net Banking,59,3,OTP_DROPOFF,NONE,0,0,120087.35,2026-08-07 00:17:06,44,0.7277,YES,SEND_CHECKOUT_REMINDER,1
TX2176,CUST0201,Simran Roy,simran.roy64@example.com,New,2499.22,INR,FAILED,authentication_failed,UPI,2,0,COMPLETED,NONE,0,3,2062.42,2026-08-07 04:34:46,60,0.235,NO,CREATE_ESCALATION,0
TX2177,CUST0178,Arjun Bansal,arjun.bansal23@example.com,Standard,999.0,INR,FAILED,network_timeout,UPI,4,0,COMPLETED,NONE,0,0,40706.39,2026-08-12 17:16:25,10,0.99,YES,RETRY_PAYMENT,1
TX2178,CUST0185,Rohan Mehta,rohan.mehta18@example.com,Enterprise,2499.66,INR,FAILED,issuer_down,Net Banking,39,1,COMPLETED,PAST_DUE,10,1,382567.66,2026-08-10 11:29:11,23,0.8013,YES,RETRY_SUBSCRIPTION,0
TX2179,CUST0233,Gaurav Saxena,gaurav.saxena32@example.com,Standard,7999.73,INR,ABANDONED,checkout_dropoff,Credit Card,2,2,PAYMENT_PAGE_DROPOFF,NONE,0,0,28049.88,2026-08-12 02:41:07,35,0.58,YES,SEND_CHECKOUT_REMINDER,0
TX2180,CUST0402,Arjun Roy,arjun.roy83@example.com,Standard,3499.77,INR,FAILED,authentication_failed,Credit Card,15,1,COMPLETED,NONE,0,0,37539.11,2026-08-04 01:02:01,19,0.7156,YES,SEND_PAYMENT_REMINDER,0
TX2181,CUST0308,Varun Joshi,varun.joshi37@example.com,VIP,49999.85,INR,FAILED,account_closed,UPI,11,0,COMPLETED,NONE,2,1,199222.35,2026-08-13 10:11:53,85,0.225,NO,STOP_RECOVERY,0
TX2182,CUST0179,Alok Deshmukh,alok.deshmukh41@example.com,Enterprise,24999.36,INR,ABANDONED,checkout_dropoff,Net Banking,59,3,PAYMENT_PAGE_DROPOFF,NONE,0,0,120087.35,2026-08-16 14:17:38,47,0.7277,YES,SEND_CHECKOUT_REMINDER,1
TX2183,CUST0225,Shweta Patel,shweta.patel62@example.com,Enterprise,39999.07,INR,FAILED,account_closed,UPI,26,0,COMPLETED,NONE,0,0,162613.05,2026-08-10 02:37:27,75,0.225,NO,STOP_RECOVERY,0
TX2184,CUST0271,Ritu Deshmukh,ritu.deshmukh44@example.com,Enterprise,4999.48,INR,SUCCESS,none,Net Banking,23,2,COMPLETED,ACTIVE_RENEWAL_DUE,0,0,312340.95,2026-07-30 05:18:07,11,0.99,NO,NO_ACTION,0
TX2185,CUST0308,Varun Joshi,varun.joshi37@example.com,VIP,4999.6,INR,FAILED,network_timeout,UPI,11,0,COMPLETED,NONE,2,1,199222.35,2026-08-02 17:27:33,10,0.99,YES,RETRY_PAYMENT,1
TX2186,CUST0105,Alok Singh,alok.singh53@example.com,Standard,499.93,INR,FAILED,insufficient_funds,UPI,7,2,COMPLETED,CHURN_RISK,11,0,11219.18,2026-08-08 12:43:47,36,0.3217,NO,RETRY_SUBSCRIPTION,0
TX2187,CUST0169,Karan Bhatia,karan.bhatia94@example.com,Standard,4999.68,INR,FAILED,insufficient_funds,UPI,12,2,COMPLETED,PAST_DUE,11,0,29926.22,2026-08-20 23:33:23,42,0.3336,NO,RETRY_SUBSCRIPTION,0
TX2188,CUST0152,Tanvi Reddy,tanvi.reddy42@example.com,Standard,499.61,INR,FAILED,processor_error,UPI,5,2,COMPLETED,ACTIVE_RENEWAL_DUE,13,0,25216.36,2026-08-13 03:50:27,26,0.6221,YES,RETRY_SUBSCRIPTION,1
TX2189,CUST0237,Shweta Joshi,shweta.joshi50@example.com,New,3499.07,INR,ABANDONED,checkout_dropoff,Credit Card,2,0,ABANDONED_CART,NONE,0,0,2546.72,2026-08-14 03:17:32,20,0.655,YES,SEND_CHECKOUT_REMINDER,1
TX2190,CUST0234,Kavita Choudhury,kavita.choudhury65@example.com,Standard,3499.1,INR,ABANDONED,checkout_dropoff,UPI,6,1,OTP_DROPOFF,NONE,0,0,44877.82,2026-08-18 22:57:11,21,0.6836,YES,SEND_CHECKOUT_REMINDER,1
TX2191,CUST0274,Simran Joshi,simran.joshi60@example.com,New,7999.45,INR,SUCCESS,none,Credit Card,2,1,COMPLETED,ACTIVE_RENEWAL_DUE,0,0,906.36,2026-08-16 12:30:48,14,0.99,NO,NO_ACTION,0
TX2192,CUST0435,Preeti Patel,preeti.patel14@example.com,Standard,7999.92,INR,FAILED,card_expired,Debit Card,5,4,COMPLETED,PAST_DUE,11,0,34547.46,2026-08-07 16:58:00,68,0.01,NO,SEND_PAYMENT_REMINDER,0
TX2193,CUST0119,Suresh Iyer,suresh.iyer97@example.com,New,499.15,INR,SUCCESS,none,UPI,0,2,COMPLETED,NONE,0,0,3743.25,2026-08-13 07:18:39,9,0.975,NO,NO_ACTION,0
TX2194,CUST0138,Sneha Deshmukh,sneha.deshmukh31@example.com,Standard,1499.57,INR,ABANDONED,checkout_dropoff,UPI,5,3,PAYMENT_PAGE_DROPOFF,NONE,0,0,41097.71,2026-08-05 15:44:36,21,0.6488,YES,SEND_CHECKOUT_REMINDER,0
TX2195,CUST0443,Pooja Singh,pooja.singh10@example.com,New,3499.3,INR,ABANDONED,checkout_dropoff,Net Banking,1,1,PAYMENT_PAGE_DROPOFF,NONE,0,0,4711.21,2026-08-12 05:42:20,30,0.58,YES,SEND_CHECKOUT_REMINDER,1
TX2196,CUST0301,Nisha Mehta,nisha.mehta95@example.com,Standard,499.83,INR,FAILED,processor_error,UPI,11,4,COMPLETED,PAST_DUE,3,1,27467.34,2026-07-28 15:44:20,14,0.885,YES,RETRY_SUBSCRIPTION,1
TX2197,CUST0266,Varun Chopra,varun.chopra94@example.com,New,4999.96,INR,FAILED,account_closed,UPI,1,0,COMPLETED,NONE,5,3,4900.75,2026-08-20 03:32:30,75,0.01,NO,CREATE_ESCALATION,0
TX2198,CUST0229,Gaurav Mehta,gaurav.mehta82@example.com,VIP,8999.15,INR,FAILED,issuer_down,UPI,20,1,COMPLETED,ACTIVE_RENEWAL_DUE,9,1,169008.81,2026-08-10 06:44:34,27,0.8679,YES,RETRY_SUBSCRIPTION,1
TX2199,CUST0314,Tanvi Verma,tanvi.verma42@example.com,VIP,8999.7,INR,FAILED,processor_error,UPI,29,0,COMPLETED,PAST_DUE,6,0,203469.91,2026-07-26 22:49:16,20,0.885,YES,RETRY_SUBSCRIPTION,0
TX2200,CUST0204,Sneha Choudhury,sneha.choudhury78@example.com,New,4999.85,INR,ABANDONED,checkout_dropoff,UPI,1,2,PAYMENT_PAGE_DROPOFF,NONE,0,0,4136.9,2026-08-05 15:35:31,30,0.605,YES,SEND_CHECKOUT_REMINDER,0
TX2201,CUST0403,Ritu Kapoor,ritu.kapoor69@example.com,Enterprise,14999.76,INR,ABANDONED,checkout_dropoff,Credit Card,25,3,ABANDONED_CART,NONE,0,0,498387.76,2026-08-14 00:58:51,34,0.7189,YES,SEND_CHECKOUT_REMINDER,0
TX2202,CUST0381,Karan Gupta,karan.gupta66@example.com,VIP,14999.04,INR,FAILED,card_expired,UPI,14,1,COMPLETED,NONE,6,1,84531.27,2026-08-25 13:52:05,71,0.195,NO,SEND_PAYMENT_REMINDER,0
TX2203,CUST0338,Nisha Kapoor,nisha.kapoor97@example.com,New,999.91,INR,FAILED,insufficient_funds,Net Banking,2,2,COMPLETED,ACTIVE_RENEWAL_DUE,8,0,4230.32,2026-08-13 22:29:12,46,0.29,NO,RETRY_SUBSCRIPTION,0
TX2204,CUST0397,Kavita Nair,kavita.nair19@example.com,New,3499.23,INR,FAILED,network_timeout,UPI,2,1,COMPLETED,NONE,7,0,1838.45,2026-08-03 15:14:33,18,0.835,YES,RETRY_PAYMENT,1
TX2205,CUST0241,Vikram Chopra,vikram.chopra90@example.com,Standard,2499.02,INR,FAILED,issuer_down,Credit Card,13,3,COMPLETED,CHURN_RISK,13,1,9857.04,2026-08-22 15:48:53,32,0.6369,YES,RETRY_SUBSCRIPTION,0
TX2206,CUST0355,Meera Roy,meera.roy25@example.com,Standard,4999.55,INR,FAILED,issuer_down,Wallet,3,2,COMPLETED,ACTIVE_RENEWAL_DUE,7,0,14505.61,2026-08-02 01:50:15,19,0.725,YES,RETRY_SUBSCRIPTION,1
TX2207,CUST0108,Tanvi Bhatia,tanvi.bhatia39@example.com,Standard,4999.24,INR,FAILED,fraud_blocked,Credit Card,13,0,COMPLETED,NONE,1,0,6832.98,2026-07-29 01:32:47,58,0.075,NO,STOP_RECOVERY,0
TX2208,CUST0232,Ritu Kapoor,ritu.kapoor96@example.com,Standard,999.72,INR,FAILED,authentication_failed,UPI,2,0,COMPLETED,NONE,4,0,14156.98,2026-08-22 20:27:59,16,0.775,YES,SEND_PAYMENT_REMINDER,1
TX2209,CUST0180,Preeti Gupta,preeti.gupta81@example.com,Standard,499.94,INR,FAILED,processor_error,Net Banking,14,3,COMPLETED,NONE,4,3,31703.11,2026-08-21 06:21:39,55,0.3085,NO,CREATE_ESCALATION,0
TX2210,CUST0374,Rohan Joshi,rohan.joshi28@example.com,Standard,4999.61,INR,FAILED,card_expired,Credit Card,14,1,COMPLETED,PAST_DUE,13,0,43111.58,2026-07-30 08:05:21,64,0.01,NO,SEND_PAYMENT_REMINDER,0
TX2211,CUST0229,Gaurav Mehta,gaurav.mehta82@example.com,VIP,24999.8,INR,FAILED,issuer_down,Debit Card,20,1,COMPLETED,ACTIVE_RENEWAL_DUE,2,0,169008.81,2026-08-23 00:02:29,27,0.99,YES,RETRY_SUBSCRIPTION,1
TX2212,CUST0374,Rohan Joshi,rohan.joshi28@example.com,Standard,7999.63,INR,FAILED,authentication_failed,UPI,14,1,COMPLETED,NONE,6,1,43111.58,2026-08-25 09:46:51,38,0.645,YES,SEND_PAYMENT_REMINDER,1
TX2213,CUST0186,Divya Deshmukh,divya.deshmukh63@example.com,Standard,7999.58,INR,ABANDONED,checkout_dropoff,UPI,9,3,OTP_DROPOFF,NONE,0,0,7490.63,2026-08-14 19:10:17,26,0.6675,YES,SEND_CHECKOUT_REMINDER,1
TX2214,CUST0354,Amit Roy,amit.roy29@example.com,VIP,8999.64,INR,FAILED,authentication_failed,Credit Card,15,0,COMPLETED,NONE,0,0,101184.79,2026-08-09 09:50:00,21,0.805,YES,SEND_PAYMENT_REMINDER,0
TX2215,CUST0291,Kavita Agarwal,kavita.agarwal74@example.com,New,7999.01,INR,FAILED,card_expired,Credit Card,2,2,COMPLETED,NONE,7,0,990.74,2026-08-08 03:21:48,69,0.01,NO,SEND_PAYMENT_REMINDER,0
TX2216,CUST0384,Sneha Bhatia,sneha.bhatia40@example.com,Standard,1499.12,INR,FAILED,processor_error,Wallet,3,1,COMPLETED,CHURN_RISK,6,0,36682.63,2026-08-17 10:49:47,16,0.7175,YES,RETRY_SUBSCRIPTION,0
TX2217,CUST0129,Amit Gupta,amit.gupta80@example.com,Enterprise,4999.69,INR,FAILED,processor_error,Net Banking,19,2,COMPLETED,ACTIVE_RENEWAL_DUE,5,0,108413.7,2026-08-15 14:51:08,14,0.9407,YES,RETRY_SUBSCRIPTION,0
TX2218,CUST0287,Karan Saxena,karan.saxena86@example.com,Enterprise,8999.4,INR,FAILED,issuer_down,UPI,29,2,COMPLETED,NONE,4,0,409747.43,2026-08-04 22:12:59,15,0.99,YES,RETRY_PAYMENT,1
TX2219,CUST0152,Tanvi Reddy,tanvi.reddy42@example.com,Standard,1499.76,INR,FAILED,network_timeout,UPI,5,2,COMPLETED,NONE,1,0,25216.36,2026-07-29 12:41:32,10,0.9821,YES,RETRY_PAYMENT,1
TX2220,CUST0382,Rohan Kapoor,rohan.kapoor47@example.com,Standard,499.8,INR,FAILED,network_timeout,Debit Card,13,0,COMPLETED,NONE,4,2,26999.89,2026-08-23 01:31:11,37,0.615,NO,CREATE_ESCALATION,0
TX2221,CUST0121,Sneha Agarwal,sneha.agarwal74@example.com,VIP,2499.65,INR,FAILED,authentication_failed,UPI,26,2,COMPLETED,NONE,0,0,202392.44,2026-08-22 00:18:48,10,0.8443,YES,SEND_PAYMENT_REMINDER,0
TX2222,CUST0122,Preeti Gupta,preeti.gupta35@example.com,New,3499.11,INR,FAILED,insufficient_funds,Credit Card,1,2,COMPLETED,NONE,3,0,2784.48,2026-08-06 12:11:29,42,0.425,YES,SEND_PAYMENT_REMINDER,0
TX2223,CUST0154,Alok Mehta,alok.mehta80@example.com,Standard,999.72,INR,FAILED,authentication_failed,Credit Card,6,1,COMPLETED,NONE,3,3,34649.24,2026-07-27 04:18:28,70,0.1636,NO,CREATE_ESCALATION,0
TX2224,CUST0197,Varun Reddy,varun.reddy87@example.com,Standard,2499.21,INR,ABANDONED,checkout_dropoff,Credit Card,6,2,ABANDONED_CART,NONE,0,0,11711.57,2026-08-02 19:28:32,29,0.6175,YES,SEND_CHECKOUT_REMINDER,1
TX2225,CUST0170,Simran Gupta,simran.gupta62@example.com,Standard,3499.28,INR,FAILED,authentication_failed,UPI,6,4,COMPLETED,NONE,1,1,17371.39,2026-08-13 09:32:01,26,0.715,YES,SEND_PAYMENT_REMINDER,0
TX2226,CUST0308,Varun Joshi,varun.joshi37@example.com,VIP,39999.13,INR,FAILED,insufficient_funds,Credit Card,11,0,COMPLETED,NONE,1,3,199222.35,2026-08-18 01:51:53,96,0.065,NO,CREATE_ESCALATION,0
TX2227,CUST0124,Siddharth Bansal,siddharth.bansal40@example.com,VIP,4999.96,INR,FAILED,insufficient_funds,Debit Card,33,1,COMPLETED,NONE,1,1,97890.46,2026-08-16 04:42:29,31,0.6006,YES,SEND_PAYMENT_REMINDER,0
TX2228,CUST0312,Divya Iyer,divya.iyer24@example.com,Enterprise,4999.15,INR,ABANDONED,checkout_dropoff,UPI,47,0,ABANDONED_CART,NONE,0,0,238069.14,2026-08-01 20:44:21,22,0.785,YES,SEND_CHECKOUT_REMINDER,1
TX2229,CUST0311,Aditi Patel,aditi.patel66@example.com,Standard,1499.44,INR,FAILED,insufficient_funds,UPI,12,3,COMPLETED,NONE,2,0,24426.47,2026-08-11 05:45:45,32,0.545,YES,SEND_PAYMENT_REMINDER,0
TX2230,CUST0351,Suresh Bhatia,suresh.bhatia50@example.com,Enterprise,2499.25,INR,FAILED,card_expired,Credit Card,20,2,COMPLETED,NONE,2,0,189815.5,2026-08-03 21:23:07,49,0.2614,NO,SEND_PAYMENT_REMINDER,0
TX2231,CUST0205,Alok Bansal,alok.bansal41@example.com,Standard,999.28,INR,FAILED,card_expired,UPI,15,4,COMPLETED,NONE,0,0,15735.82,2026-08-22 02:43:11,49,0.2134,NO,SEND_PAYMENT_REMINDER,0
TX2232,CUST0430,Preeti Malhotra,preeti.malhotra85@example.com,Standard,7999.27,INR,FAILED,processor_error,UPI,4,0,COMPLETED,NONE,6,0,29627.08,2026-08-01 16:50:40,25,0.805,YES,RETRY_PAYMENT,1
TX2233,CUST0221,Vikram Mehta,vikram.mehta25@example.com,New,3499.5,INR,SUCCESS,none,Credit Card,1,0,COMPLETED,NONE,0,0,4972.63,2026-08-07 05:04:40,13,0.99,NO,NO_ACTION,0
TX2234,CUST0290,Sneha Iyer,sneha.iyer18@example.com,VIP,8999.85,INR,FAILED,authentication_failed,Credit Card,36,2,COMPLETED,NONE,4,1,72729.86,2026-08-16 08:54:46,32,0.7971,YES,SEND_PAYMENT_REMINDER,1
TX2235,CUST0245,Divya Bansal,divya.bansal59@example.com,New,4999.92,INR,FAILED,card_expired,UPI,0,1,COMPLETED,CHURN_RISK,13,2,2980.69,2026-08-03 00:04:15,76,0.01,NO,CREATE_ESCALATION,0
TX2236,CUST0102,Shweta Malhotra,shweta.malhotra37@example.com,VIP,49999.68,INR,FAILED,network_timeout,UPI,37,0,COMPLETED,NONE,5,0,55959.44,2026-07-27 06:16:10,32,0.99,YES,RETRY_PAYMENT,1
TX2237,CUST0318,Simran Kapoor,simran.kapoor63@example.com,Standard,3499.2,INR,FAILED,issuer_down,UPI,11,3,COMPLETED,NONE,5,0,33379.96,2026-08-19 19:29:10,11,0.9429,YES,RETRY_PAYMENT,1
TX2238,CUST0273,Ritu Kapoor,ritu.kapoor38@example.com,New,3499.33,INR,FAILED,issuer_down,UPI,1,0,COMPLETED,NONE,0,1,1133.41,2026-08-18 10:36:22,10,0.975,YES,RETRY_PAYMENT,1
TX2239,CUST0205,Alok Bansal,alok.bansal41@example.com,Standard,4999.07,INR,ABANDONED,checkout_dropoff,Credit Card,15,4,OTP_DROPOFF,NONE,0,0,15735.82,2026-08-11 17:21:55,28,0.6234,YES,SEND_CHECKOUT_REMINDER,1
TX2240,CUST0210,Deepak Bansal,deepak.bansal21@example.com,Standard,1499.01,INR,FAILED,processor_error,UPI,9,3,COMPLETED,NONE,1,3,36717.31,2026-07-29 13:54:56,59,0.3475,NO,CREATE_ESCALATION,0
TX2241,CUST0222,Meera Deshmukh,meera.deshmukh76@example.com,Standard,1499.78,INR,FAILED,authentication_failed,Credit Card,14,4,COMPLETED,NONE,3,0,14027.49,2026-07-29 11:30:23,16,0.6917,YES,SEND_PAYMENT_REMINDER,0
TX2242,CUST0104,Meera Deshmukh,meera.deshmukh10@example.com,Enterprise,4999.79,INR,FAILED,card_expired,Net Banking,52,2,COMPLETED,ACTIVE_RENEWAL_DUE,2,0,423772.18,2026-08-10 08:39:17,54,0.2694,NO,SEND_PAYMENT_REMINDER,0
TX2243,CUST0319,Priya Gupta,priya.gupta89@example.com,Standard,7999.45,INR,ABANDONED,checkout_dropoff,Credit Card,7,1,ABANDONED_CART,NONE,0,0,37052.89,2026-08-23 17:07:50,33,0.6362,YES,SEND_CHECKOUT_REMINDER,0
TX2244,CUST0393,Sneha Saxena,sneha.saxena87@example.com,New,999.81,INR,FAILED,issuer_down,UPI,0,0,COMPLETED,NONE,0,1,3464.3,2026-08-03 22:21:53,13,0.825,YES,RETRY_PAYMENT,1
TX2245,CUST0132,Meera Mehta,meera.mehta70@example.com,Standard,999.03,INR,ABANDONED,checkout_dropoff,Credit Card,11,4,OTP_DROPOFF,NONE,0,0,23906.84,2026-08-02 10:37:45,21,0.615,YES,SEND_CHECKOUT_REMINDER,0
TX2246,CUST0254,Vikram Patel,vikram.patel60@example.com,Standard,4999.06,INR,SUCCESS,none,Debit Card,6,2,COMPLETED,ACTIVE_RENEWAL_DUE,0,0,29930.38,2026-08-08 15:05:29,17,0.99,NO,NO_ACTION,0
TX2247,CUST0104,Meera Deshmukh,meera.deshmukh10@example.com,Enterprise,4999.68,INR,FAILED,card_expired,UPI,52,2,COMPLETED,ACTIVE_RENEWAL_DUE,2,1,423772.18,2026-07-27 17:28:20,47,0.3194,NO,SEND_PAYMENT_REMINDER,0
TX2248,CUST0323,Neha Mehta,neha.mehta87@example.com,Enterprise,8999.71,INR,ABANDONED,checkout_dropoff,UPI,24,2,OTP_DROPOFF,NONE,0,0,178908.72,2026-08-20 01:15:03,24,0.7735,YES,SEND_CHECKOUT_REMINDER,0
TX2249,CUST0403,Ritu Kapoor,ritu.kapoor69@example.com,Enterprise,8999.88,INR,FAILED,authentication_failed,Net Banking,25,3,COMPLETED,NONE,3,3,498387.76,2026-08-23 04:31:06,74,0.2489,NO,CREATE_ESCALATION,0
TX2250,CUST0262,Ananya Agarwal,ananya.agarwal69@example.com,Standard,4999.79,INR,FAILED,processor_error,UPI,9,2,COMPLETED,ACTIVE_RENEWAL_DUE,7,0,31673.63,2026-08-02 02:21:54,24,0.7577,YES,RETRY_SUBSCRIPTION,0
